Fecha;Producto;Distrito;L’nea;Importe
1/07/2017;Producto 1;Lima;600;($8.61)
1/07/2017;Producto 2;Lima;400;($539.29)
1/07/2017;Producto 3;Lima;300;$69.35
1/07/2017;Producto 4;Lima;200;$175.54
1/07/2017;Producto 5;Lima;500;($559.2)
1/07/2017;Producto 6;Lima;200;$295.43
1/07/2017;Producto 7;Lima;600;$211.95
1/07/2017;Producto 8;Lima;300;$291.03
1/07/2017;Producto 9;Lima;100;$217.29
1/07/2017;Producto 10;Lima;200;$1050.98
1/07/2017;Producto 11;Lince;600;$287.19
1/07/2017;Producto 12;Lince;500;($486.8)
1/07/2017;Producto 13;Lince;100;$1013.11
1/07/2017;Producto 14;Lince;600;$152.64
1/07/2017;Producto 15;Lince;500;($269.31)
1/07/2017;Producto 16;Lima;100;($310.46)
1/07/2017;Producto 17;Lima;600;$1274.62
1/07/2017;Producto 18;Lima;600;$1275.3
1/07/2017;Producto 19;Lima;300;$452.77
1/07/2017;Producto 20;Bre–a;600;($560.32)
1/07/2017;Producto 21;Bre–a;600;($65.62)
1/07/2017;Producto 22;Bre–a;100;($18.18)
1/07/2017;Producto 23;Bre–a;300;($188.17)
1/07/2017;Producto 24;Bre–a;400;($605.06)
1/07/2017;Producto 25;Bre–a;100;$135.71
1/07/2017;Producto 26;Bre–a;200;($470.15)
1/07/2017;Producto 27;Bre–a;200;$122.01
1/07/2017;Producto 28;Bre–a;300;$8.99
1/07/2017;Producto 29;Bre–a;400;$12.68
1/07/2017;Producto 30;Bre–a;300;($239.17)
1/07/2017;Producto 31;Bre–a;400;($198.48)
1/07/2017;Producto 32;Bre–a;500;($90.93)
1/07/2017;Producto 33;Comas;100;($457.34)
1/07/2017;Producto 34;Comas;400;($172.3)
1/07/2017;Producto 35;Comas;600;$91.51
1/07/2017;Producto 36;Comas;100;($105.37)
1/07/2017;Producto 37;Comas;600;($406.34)
1/07/2017;Producto 38;Comas;200;$134.32
1/07/2017;Producto 39;Comas;600;$62.66
1/07/2017;Producto 40;Comas;200;($198.58)
1/07/2017;Producto 41;Comas;400;$213.88
1/07/2017;Producto 42;Comas;100;$148.72
1/07/2017;Producto 43;Comas;600;$948.7
1/07/2017;Producto 44;Ate;200;$181.04
1/07/2017;Producto 45;Ate;500;$236.42
1/07/2017;Producto 46;Ate;500;($395.77)
1/07/2017;Producto 47;Rimac;100;$576.16
1/07/2017;Producto 48;Rimac;400;($181.82)
2/07/2017;Producto 1;Lima;300;($306.28)
2/07/2017;Producto 2;Lima;300;($338.24)
2/07/2017;Producto 3;Lima;400;($204.45)
2/07/2017;Producto 4;Lima;600;($382.36)
2/07/2017;Producto 5;Lima;300;($319.25)
2/07/2017;Producto 6;Lima;600;($189.1)
2/07/2017;Producto 7;Lima;400;($567.97)
2/07/2017;Producto 8;Lima;100;($630.28)
2/07/2017;Producto 9;Lima;200;$244.69
2/07/2017;Producto 10;Lima;600;$534.66
2/07/2017;Producto 11;Lince;300;($690.87)
2/07/2017;Producto 12;Lince;100;($360.85)
2/07/2017;Producto 13;Lince;200;$353.65
2/07/2017;Producto 14;Lince;500;($288.32)
2/07/2017;Producto 15;Lince;200;($534.35)
2/07/2017;Producto 16;Lima;600;($512.66)
2/07/2017;Producto 17;Lima;400;$820.47
2/07/2017;Producto 18;Lima;500;$954.54
2/07/2017;Producto 19;Lima;400;$1233.14
2/07/2017;Producto 20;Bre–a;500;($502.67)
2/07/2017;Producto 21;Bre–a;200;($276.41)
2/07/2017;Producto 22;Bre–a;600;$74.34
2/07/2017;Producto 23;Bre–a;200;($262.02)
2/07/2017;Producto 24;Bre–a;200;($449.02)
2/07/2017;Producto 25;Bre–a;400;($66.33)
2/07/2017;Producto 26;Bre–a;100;($360.53)
2/07/2017;Producto 27;Bre–a;100;($367.82)
2/07/2017;Producto 28;Bre–a;200;($669.55)
2/07/2017;Producto 29;Bre–a;400;($254)
2/07/2017;Producto 30;Bre–a;200;$257.01
2/07/2017;Producto 31;Bre–a;300;$45.93
2/07/2017;Producto 32;Bre–a;100;($324.38)
2/07/2017;Producto 33;Comas;500;$40.93
2/07/2017;Producto 34;Comas;500;$278.35
2/07/2017;Producto 35;Comas;500;$22.56
2/07/2017;Producto 36;Comas;400;($566.83)
2/07/2017;Producto 37;Comas;200;$169.1
2/07/2017;Producto 38;Comas;200;($641.53)
2/07/2017;Producto 39;Comas;400;$47.18
2/07/2017;Producto 40;Comas;500;$255.61
2/07/2017;Producto 41;Comas;100;$264.63
2/07/2017;Producto 42;Comas;300;($610.19)
2/07/2017;Producto 43;Comas;100;$969.41
2/07/2017;Producto 44;Ate;100;($296.45)
2/07/2017;Producto 45;Ate;100;($576.25)
2/07/2017;Producto 46;Ate;600;($157.49)
2/07/2017;Producto 47;Rimac;300;$573.06
2/07/2017;Producto 48;Rimac;600;$33.73
3/07/2017;Producto 1;Lima;600;$172.45
3/07/2017;Producto 2;Lima;600;($471.94)
3/07/2017;Producto 3;Lima;200;($518.19)
3/07/2017;Producto 4;Lima;600;($551.4)
3/07/2017;Producto 5;Lima;300;($323.66)
3/07/2017;Producto 6;Lima;400;($333.67)
3/07/2017;Producto 7;Lima;500;($177.26)
3/07/2017;Producto 8;Lima;400;($598.43)
3/07/2017;Producto 9;Lima;200;($192.73)
3/07/2017;Producto 10;Lima;100;$762.13
3/07/2017;Producto 11;Lince;600;($143.45)
3/07/2017;Producto 12;Lince;500;$293.49
3/07/2017;Producto 13;Lince;400;$685.11
3/07/2017;Producto 14;Lince;100;$220.22
3/07/2017;Producto 15;Lince;300;($562.17)
3/07/2017;Producto 16;Lima;100;$129.92
3/07/2017;Producto 17;Lima;500;$1137.01
3/07/2017;Producto 18;Lima;200;$950.79
3/07/2017;Producto 19;Lima;600;$429.62
3/07/2017;Producto 20;Bre–a;400;($570.9)
3/07/2017;Producto 21;Bre–a;500;($521.2)
3/07/2017;Producto 22;Bre–a;500;($562.05)
3/07/2017;Producto 23;Bre–a;300;($72.83)
3/07/2017;Producto 24;Bre–a;300;($562.35)
3/07/2017;Producto 25;Bre–a;300;$291.18
3/07/2017;Producto 26;Bre–a;600;($71.12)
3/07/2017;Producto 27;Bre–a;400;($667.84)
3/07/2017;Producto 28;Bre–a;600;$227.81
3/07/2017;Producto 29;Bre–a;300;($12.25)
3/07/2017;Producto 30;Bre–a;200;($582.64)
3/07/2017;Producto 31;Bre–a;200;($555.73)
3/07/2017;Producto 32;Bre–a;300;$26.38
3/07/2017;Producto 33;Comas;200;$56.89
3/07/2017;Producto 34;Comas;400;($119.99)
3/07/2017;Producto 35;Comas;100;($119.32)
3/07/2017;Producto 36;Comas;500;($155.82)
3/07/2017;Producto 37;Comas;600;($483)
3/07/2017;Producto 38;Comas;400;$257.09
3/07/2017;Producto 39;Comas;200;($407.43)
3/07/2017;Producto 40;Comas;300;($562.52)
3/07/2017;Producto 41;Comas;200;($144.66)
3/07/2017;Producto 42;Comas;300;($386.09)
3/07/2017;Producto 43;Comas;100;$936.68
3/07/2017;Producto 44;Ate;100;($470.26)
3/07/2017;Producto 45;Ate;300;$54.51
3/07/2017;Producto 46;Ate;100;$222.63
3/07/2017;Producto 47;Rimac;600;$971.49
3/07/2017;Producto 48;Rimac;100;($385.27)
3/07/2017;Producto 49;Lince;100;$897.8
3/07/2017;Producto 50;Lince;100;$949.28
3/07/2017;Producto 51;Lince;400;($682.98)
3/07/2017;Producto 52;Lince;600;$1072.66
3/07/2017;Producto 53;Lince;200;($95.97)
3/07/2017;Producto 54;Lince;300;($145)
3/07/2017;Producto 55;Lince;200;$753.6
3/07/2017;Producto 56;Lima;100;$305.38
3/07/2017;Producto 57;Lima;500;$914.8
3/07/2017;Producto 58;Lima;300;$406.19
3/07/2017;Producto 59;Lima;600;($689.93)
3/07/2017;Producto 60;Lima;500;$849.9
3/07/2017;Producto 61;Lima;600;$524.07
3/07/2017;Producto 62;Lima;100;($516.35)
3/07/2017;Producto 63;Lima;100;$330.3
3/07/2017;Producto 64;Lima;600;$137.81
3/07/2017;Producto 65;Lima;600;$433.61
3/07/2017;Producto 66;Ate;300;$915.64
3/07/2017;Producto 67;Bre–a;500;$484.07
3/07/2017;Producto 68;Bre–a;200;$395.94
3/07/2017;Producto 69;Comas;100;$486.67
3/07/2017;Producto 70;Ate;100;$414.92
3/07/2017;Producto 71;Lima;400;$365.16
3/07/2017;Producto 72;Lima;100;$266.94
3/07/2017;Producto 73;Lima;100;$720.01
3/07/2017;Producto 74;Miraflores;600;$218.82
3/07/2017;Producto 75;Miraflores;600;$1148.05
3/07/2017;Producto 76;Miraflores;200;$382.59
3/07/2017;Producto 77;Miraflores;300;$1009.67
3/07/2017;Producto 78;San Luis;600;$472.38
3/07/2017;Producto 79;Rimac;600;$1066.21
3/07/2017;Producto 80;Lima;100;($475.61)
3/07/2017;Producto 81;Bre–a;100;$950.31
3/07/2017;Producto 81;Comas;400;$872.05
3/07/2017;Producto 81;Ate;600;$1064.62
3/07/2017;Producto 81;Lima;600;$788.39
3/07/2017;Producto 81;Miraflores;300;$893.74
3/07/2017;Producto 81;San Luis;400;$893.12
3/07/2017;Producto 81;Rimac;100;$1152.75
3/07/2017;Producto 82;Bre–a;600;$1091.89
3/07/2017;Producto 82;Comas;300;$974.93
3/07/2017;Producto 82;Ate;400;$1125.47
3/07/2017;Producto 82;Lima;600;$730.49
3/07/2017;Producto 82;Miraflores;600;$529.93
3/07/2017;Producto 82;San Luis;600;$321.69
3/07/2017;Producto 82;Rimac;100;$1172.9
3/07/2017;Producto 83;Bre–a;200;$406.97
3/07/2017;Producto 83;Lima;500;$339.88
3/07/2017;Producto 83;Miraflores;400;$271.07
3/07/2017;Producto 83;San Luis;600;$649.42
3/07/2017;Producto 84;Bre–a;400;$227.33
3/07/2017;Producto 84;Lima;200;$702.3
3/07/2017;Producto 84;Miraflores;200;$592.96
3/07/2017;Producto 84;San Luis;600;$431.81
3/07/2017;Producto 84;Rimac;500;$922.56
3/07/2017;Producto 85;Bre–a;500;$1174.34
3/07/2017;Producto 85;Lima;300;$1088.26
3/07/2017;Producto 85;Miraflores;300;$696.15
3/07/2017;Producto 85;San Luis;200;$957.8
3/07/2017;Producto 86;Bre–a;500;$630.24
3/07/2017;Producto 86;Comas;200;$291.61
3/07/2017;Producto 86;Ate;300;$856.02
3/07/2017;Producto 86;Lima;500;$708.83
3/07/2017;Producto 86;Miraflores;300;$1127.35
3/07/2017;Producto 86;San Luis;600;$915.07
3/07/2017;Producto 86;Rimac;300;$1020.85
3/07/2017;Producto 87;Lima;100;$594.49
3/07/2017;Producto 88;Bre–a;500;$803.52
3/07/2017;Producto 89;Bre–a;200;$236.6
3/07/2017;Producto 90;Miraflores;200;$1034.63
3/07/2017;Producto 91;Miraflores;500;$935.27
3/07/2017;Producto 92;Miraflores;600;$452.73
3/07/2017;Producto 93;Miraflores;600;$583.45
3/07/2017;Producto 94;Miraflores;100;$810.72
3/07/2017;Producto 95;Miraflores;100;$694.79
3/07/2017;Producto 96;Miraflores;400;$462.43
3/07/2017;Producto 97;Miraflores;500;($663.09)
3/07/2017;Producto 98;Miraflores;500;$1173.96
3/07/2017;Producto 99;Miraflores;300;$965.52
3/07/2017;Producto 100;Miraflores;400;$435.59
3/07/2017;Producto 101;Miraflores;100;$1029.09
3/07/2017;Producto 102;Miraflores;100;$858.48
3/07/2017;Producto 103;Miraflores;100;$697.24
3/07/2017;Producto 104;Miraflores;300;$473.89
3/07/2017;Producto 105;Miraflores;600;$550.45
3/07/2017;Producto 106;Miraflores;300;$435.32
3/07/2017;Producto 107;San Luis;400;$1046.13
3/07/2017;Producto 108;Comas;400;$639.44
3/07/2017;Producto 109;Lima;600;$1108.84
3/07/2017;Producto 110;Rimac;100;$1023.25
3/07/2017;Producto 111;Lima;200;$1190.28
3/07/2017;Producto 112;Rimac;100;$955.25
3/07/2017;Producto 113;Rimac;400;$382.22
3/07/2017;Producto 114;Comas;100;$576.99
3/07/2017;Producto 114;Miraflores;100;$309.05
3/07/2017;Producto 114;Rimac;300;$502
3/07/2017;Producto 115;Lima;500;$220.65
3/07/2017;Producto 116;Rimac;400;$321.62
3/07/2017;Producto 117;Rimac;200;$773.6
3/07/2017;Producto 118;Rimac;100;$1089.41
3/07/2017;Producto 119;Comas;600;$741.31
3/07/2017;Producto 119;Rimac;500;$249.36
3/07/2017;Producto 120;Rimac;500;$1196.33
3/07/2017;Producto 121;Rimac;500;$934.3
3/07/2017;Producto 122;Bre–a;100;$476.27
3/07/2017;Producto 122;Comas;400;$1162.4
3/07/2017;Producto 122;Lima;600;$454.65
3/07/2017;Producto 122;Miraflores;100;$815.84
3/07/2017;Producto 122;San Luis;300;$626.94
3/07/2017;Producto 122;Rimac;300;$1176.3
3/07/2017;Producto 123;Bre–a;100;$321.52
3/07/2017;Producto 123;Lima;300;$315.43
3/07/2017;Producto 124;Bre–a;200;($352.44)
3/07/2017;Producto 124;Lima;200;$386.42
3/07/2017;Producto 125;Bre–a;400;$531.4
3/07/2017;Producto 125;Lima;500;$749.6
3/07/2017;Producto 126;Bre–a;100;$868.15
3/07/2017;Producto 126;Lima;300;$1102.73
3/07/2017;Producto 126;Miraflores;100;$563.91
3/07/2017;Producto 127;Miraflores;500;$432.8
3/07/2017;Producto 128;Bre–a;200;$289.75
3/07/2017;Producto 128;Lima;100;$577.71
3/07/2017;Producto 128;Miraflores;300;$331.39
3/07/2017;Producto 128;Rimac;200;$763.06
3/07/2017;Producto 129;Bre–a;600;$401.98
3/07/2017;Producto 130;Ate;300;$1084.89
3/07/2017;Producto 131;Bre–a;100;$1003.97
3/07/2017;Producto 131;Miraflores;500;$743.06
3/07/2017;Producto 132;Lince;400;$948.01
3/07/2017;Producto 133;Lima;300;$422.22
3/07/2017;Producto 134;Lima;400;$275.73
3/07/2017;Producto 135;Lima;200;$377.07
3/07/2017;Producto 135;Rimac;300;$679.56
3/07/2017;Producto 136;Lima;400;$859.56
3/07/2017;Producto 137;Lima;500;$895.63
3/07/2017;Producto 138;Lima;500;($659.81)
3/07/2017;Producto 139;Lima;600;$441.07
3/07/2017;Producto 140;Rimac;300;$250.43
3/07/2017;Producto 141;Rimac;600;$883.29
3/07/2017;Producto 142;Rimac;600;$1150.8
4/07/2017;Producto 1;Lima;600;($141.67)
4/07/2017;Producto 2;Lima;600;($4.98)
4/07/2017;Producto 3;Lima;500;($776.32)
4/07/2017;Producto 4;Lima;100;($95.76)
4/07/2017;Producto 5;Lima;300;($356.27)
4/07/2017;Producto 6;Lima;500;($335.06)
4/07/2017;Producto 7;Lima;600;($174.73)
4/07/2017;Producto 8;Lima;300;($188.02)
4/07/2017;Producto 9;Lima;600;($665.35)
4/07/2017;Producto 10;Lima;300;$260.14
4/07/2017;Producto 11;Lince;200;$167.19
4/07/2017;Producto 12;Lince;300;($460.79)
4/07/2017;Producto 13;Lince;100;$594.38
4/07/2017;Producto 14;Lince;400;($399.25)
4/07/2017;Producto 15;Lince;600;($493.49)
4/07/2017;Producto 16;Lima;200;($12.2)
4/07/2017;Producto 17;Lima;600;$812.64
4/07/2017;Producto 18;Lima;200;$849.02
4/07/2017;Producto 19;Lima;300;$1088.63
4/07/2017;Producto 20;Bre–a;600;$134.75
4/07/2017;Producto 21;Bre–a;200;($43.59)
4/07/2017;Producto 22;Bre–a;100;($697.71)
4/07/2017;Producto 23;Bre–a;300;$53.32
4/07/2017;Producto 24;Bre–a;300;($352.67)
4/07/2017;Producto 25;Bre–a;600;$181.15
4/07/2017;Producto 26;Bre–a;500;($320.35)
4/07/2017;Producto 27;Bre–a;100;($593.19)
4/07/2017;Producto 28;Bre–a;400;($32.21)
4/07/2017;Producto 29;Bre–a;300;($43.08)
4/07/2017;Producto 30;Bre–a;300;($152.62)
4/07/2017;Producto 31;Bre–a;100;$173.79
4/07/2017;Producto 32;Bre–a;300;($685.03)
4/07/2017;Producto 33;Comas;300;($225.83)
4/07/2017;Producto 34;Comas;200;$143.03
4/07/2017;Producto 35;Comas;100;($109.79)
4/07/2017;Producto 36;Comas;300;($369.93)
4/07/2017;Producto 37;Comas;500;($686.97)
4/07/2017;Producto 38;Comas;100;($712.22)
4/07/2017;Producto 39;Comas;500;($372.78)
4/07/2017;Producto 40;Comas;300;($407.94)
4/07/2017;Producto 41;Comas;600;($477.33)
4/07/2017;Producto 42;Comas;200;$110.59
4/07/2017;Producto 43;Comas;100;$625.9
4/07/2017;Producto 44;Ate;300;($389.26)
4/07/2017;Producto 45;Ate;300;($507.32)
4/07/2017;Producto 46;Ate;100;($322.74)
4/07/2017;Producto 47;Rimac;300;$718.56
4/07/2017;Producto 48;Rimac;500;($262.82)
5/07/2017;Producto 1;Lima;300;($161.47)
5/07/2017;Producto 2;Lima;400;($28.31)
5/07/2017;Producto 3;Lima;200;$151.57
5/07/2017;Producto 4;Lima;300;($783.6)
5/07/2017;Producto 5;Lima;400;($652.58)
5/07/2017;Producto 6;Lima;500;$89.92
5/07/2017;Producto 7;Lima;500;$85.55
5/07/2017;Producto 8;Lima;500;($399.75)
5/07/2017;Producto 9;Lima;200;($389.82)
5/07/2017;Producto 10;Lima;400;$740.72
5/07/2017;Producto 11;Lince;600;($392.23)
5/07/2017;Producto 12;Lince;400;$96.34
5/07/2017;Producto 13;Lince;500;$233.92
5/07/2017;Producto 14;Lince;400;($193.21)
5/07/2017;Producto 15;Lince;200;($339.76)
5/07/2017;Producto 16;Lima;600;($457.08)
5/07/2017;Producto 17;Lima;600;$322.62
5/07/2017;Producto 18;Lima;500;$306.72
5/07/2017;Producto 19;Lima;500;$620.68
5/07/2017;Producto 20;Bre–a;300;($755.79)
5/07/2017;Producto 21;Bre–a;600;($706.21)
5/07/2017;Producto 22;Bre–a;500;($647.07)
5/07/2017;Producto 23;Bre–a;500;($698.4)
5/07/2017;Producto 24;Bre–a;200;($75.29)
5/07/2017;Producto 25;Bre–a;100;($159.55)
5/07/2017;Producto 26;Bre–a;400;($190.38)
5/07/2017;Producto 27;Bre–a;500;$139.2
5/07/2017;Producto 28;Bre–a;500;$44.72
5/07/2017;Producto 29;Bre–a;500;($308.05)
5/07/2017;Producto 30;Bre–a;100;($265.05)
5/07/2017;Producto 31;Bre–a;400;($61.43)
5/07/2017;Producto 32;Bre–a;200;($311.8)
5/07/2017;Producto 33;Comas;100;($523.02)
5/07/2017;Producto 34;Comas;600;($596.05)
5/07/2017;Producto 35;Comas;200;($591.74)
5/07/2017;Producto 36;Comas;500;($242.21)
5/07/2017;Producto 37;Comas;300;($16.39)
5/07/2017;Producto 38;Comas;300;($517.04)
5/07/2017;Producto 39;Comas;500;($400.13)
5/07/2017;Producto 40;Comas;200;($685.06)
5/07/2017;Producto 41;Comas;400;$163.25
5/07/2017;Producto 42;Comas;600;($240.64)
5/07/2017;Producto 43;Comas;500;$342.67
5/07/2017;Producto 44;Ate;100;($316.09)
5/07/2017;Producto 45;Ate;600;($394.62)
5/07/2017;Producto 46;Ate;500;($780.67)
5/07/2017;Producto 47;Rimac;300;$723.28
5/07/2017;Producto 48;Rimac;500;($119.4)
6/07/2017;Producto 1;Lima;200;$32.9
6/07/2017;Producto 2;Lima;300;$114.11
6/07/2017;Producto 3;Lima;300;($612.38)
6/07/2017;Producto 4;Lima;300;$106.43
6/07/2017;Producto 5;Lima;300;($736.37)
6/07/2017;Producto 6;Lima;400;($285.48)
6/07/2017;Producto 7;Lima;100;($273.5)
6/07/2017;Producto 8;Lima;100;($269.18)
6/07/2017;Producto 9;Lima;600;($265.69)
6/07/2017;Producto 10;Lima;100;$817.21
6/07/2017;Producto 11;Lince;200;($592.33)
6/07/2017;Producto 12;Lince;200;($157.26)
6/07/2017;Producto 13;Lince;400;($423.44)
6/07/2017;Producto 14;Lince;500;($330.76)
6/07/2017;Producto 15;Lince;100;($467.32)
6/07/2017;Producto 16;Lima;400;($416.37)
6/07/2017;Producto 17;Lima;200;$664.24
6/07/2017;Producto 18;Lima;100;$962.74
6/07/2017;Producto 20;Bre–a;600;($686.67)
6/07/2017;Producto 21;Bre–a;400;($353.18)
6/07/2017;Producto 143;Bre–a;500;$122.11
6/07/2017;Producto 22;Bre–a;600;($13.69)
6/07/2017;Producto 23;Bre–a;400;$189.07
6/07/2017;Producto 24;Bre–a;100;($732.3)
6/07/2017;Producto 26;Bre–a;600;($776.66)
6/07/2017;Producto 27;Bre–a;400;($149.48)
6/07/2017;Producto 28;Bre–a;500;($64.16)
6/07/2017;Producto 29;Bre–a;300;($77.13)
6/07/2017;Producto 30;Bre–a;200;($674.14)
6/07/2017;Producto 31;Bre–a;200;$121.59
6/07/2017;Producto 32;Bre–a;500;$149.55
6/07/2017;Producto 34;Comas;500;($260.81)
6/07/2017;Producto 35;Comas;200;($376)
6/07/2017;Producto 36;Comas;600;($695.76)
6/07/2017;Producto 37;Comas;400;($457.69)
6/07/2017;Producto 38;Comas;500;($405.69)
6/07/2017;Producto 144;Comas;200;($65.38)
6/07/2017;Producto 39;Comas;200;$90.34
6/07/2017;Producto 40;Comas;600;($648.41)
6/07/2017;Producto 41;Comas;500;($705.45)
6/07/2017;Producto 42;Comas;200;($596.8)
6/07/2017;Producto 44;Ate;100;($599.86)
6/07/2017;Producto 45;Ate;300;($553.96)
6/07/2017;Producto 46;Ate;400;$9.14
6/07/2017;Producto 145;Ate;500;($592.51)
6/07/2017;Producto 47;Rimac;500;$245.91
6/07/2017;Producto 48;Rimac;500;($534.54)
7/07/2017;Producto 1;Lima;300;($775.65)
7/07/2017;Producto 2;Lima;100;($485.99)
7/07/2017;Producto 3;Lima;600;($535.31)
7/07/2017;Producto 4;Lima;400;($194.99)
7/07/2017;Producto 5;Lima;400;($419.02)
7/07/2017;Producto 6;Lima;600;$25.13
7/07/2017;Producto 7;Lima;100;$181.56
7/07/2017;Producto 8;Lima;500;($339.17)
7/07/2017;Producto 9;Lima;500;($379.07)
7/07/2017;Producto 10;Lima;500;$534.72
7/07/2017;Producto 11;Lince;600;($417.25)
7/07/2017;Producto 12;Lince;300;($717.1)
7/07/2017;Producto 13;Lince;200;($617.49)
7/07/2017;Producto 14;Lince;400;($385.24)
7/07/2017;Producto 15;Lince;100;($674.72)
7/07/2017;Producto 16;Lima;100;($117.76)
7/07/2017;Producto 17;Lima;200;$1164.71
7/07/2017;Producto 18;Lima;200;$651.34
7/07/2017;Producto 20;Bre–a;100;($53.01)
7/07/2017;Producto 21;Bre–a;100;($781.61)
7/07/2017;Producto 143;Bre–a;200;($675.15)
7/07/2017;Producto 22;Bre–a;100;($14.26)
7/07/2017;Producto 23;Bre–a;300;$55.01
7/07/2017;Producto 24;Bre–a;300;($650.43)
7/07/2017;Producto 26;Bre–a;300;($487.48)
7/07/2017;Producto 27;Bre–a;100;($576.98)
7/07/2017;Producto 28;Bre–a;600;($226.58)
7/07/2017;Producto 29;Bre–a;300;($573.4)
7/07/2017;Producto 30;Bre–a;200;$10
7/07/2017;Producto 31;Bre–a;500;($693.8)
7/07/2017;Producto 32;Bre–a;600;($687.9)
7/07/2017;Producto 34;Comas;500;$156.67
7/07/2017;Producto 35;Comas;400;($650.21)
7/07/2017;Producto 36;Comas;100;($609.09)
7/07/2017;Producto 37;Comas;200;($83.78)
7/07/2017;Producto 38;Comas;100;$102.08
7/07/2017;Producto 144;Comas;300;($550.14)
7/07/2017;Producto 39;Comas;300;($701.05)
7/07/2017;Producto 40;Comas;100;($33.02)
7/07/2017;Producto 41;Comas;600;($563.13)
7/07/2017;Producto 42;Comas;100;($61.75)
7/07/2017;Producto 44;Ate;500;($624.02)
7/07/2017;Producto 45;Ate;300;($17.36)
7/07/2017;Producto 46;Ate;100;$124.13
7/07/2017;Producto 145;Ate;300;($715.49)
7/07/2017;Producto 47;Rimac;200;$218.21
7/07/2017;Producto 48;Rimac;500;($384.65)
8/07/2017;Producto 1;Lima;400;($205.33)
8/07/2017;Producto 2;Lima;500;($641.35)
8/07/2017;Producto 3;Lima;400;($304.48)
8/07/2017;Producto 4;Lima;200;$170.36
8/07/2017;Producto 5;Lima;300;($635.7)
8/07/2017;Producto 6;Lima;500;$56.59
8/07/2017;Producto 7;Lima;500;($396.22)
8/07/2017;Producto 8;Lima;200;$107.34
8/07/2017;Producto 9;Lima;200;($490.51)
8/07/2017;Producto 10;Lima;100;$297.34
8/07/2017;Producto 11;Lince;400;($271.81)
8/07/2017;Producto 12;Lince;100;($518.22)
8/07/2017;Producto 13;Lince;100;($479.52)
8/07/2017;Producto 14;Lince;600;($335.11)
8/07/2017;Producto 15;Lince;100;($766.7)
8/07/2017;Producto 16;Lima;200;($745.61)
8/07/2017;Producto 17;Lima;100;$628.23
8/07/2017;Producto 18;Lima;400;$1134.89
8/07/2017;Producto 20;Bre–a;400;$12.26
8/07/2017;Producto 21;Bre–a;400;($699.17)
8/07/2017;Producto 143;Bre–a;100;($630.45)
8/07/2017;Producto 22;Bre–a;100;$160.07
8/07/2017;Producto 23;Bre–a;100;$78.54
8/07/2017;Producto 24;Bre–a;400;($657.1)
8/07/2017;Producto 26;Bre–a;200;($114.12)
8/07/2017;Producto 27;Bre–a;100;($403.22)
8/07/2017;Producto 28;Bre–a;300;($431.49)
8/07/2017;Producto 29;Bre–a;100;($378.27)
8/07/2017;Producto 30;Bre–a;200;$177.66
8/07/2017;Producto 31;Bre–a;600;($182.04)
8/07/2017;Producto 32;Bre–a;600;$141.63
8/07/2017;Producto 34;Comas;400;($228.38)
8/07/2017;Producto 35;Comas;300;($523.2)
8/07/2017;Producto 36;Comas;500;($757.18)
8/07/2017;Producto 37;Comas;200;($316.48)
8/07/2017;Producto 38;Comas;100;($703.32)
8/07/2017;Producto 144;Comas;300;$11.07
8/07/2017;Producto 39;Comas;400;$15.42
8/07/2017;Producto 40;Comas;500;$35.66
8/07/2017;Producto 41;Comas;100;$49.16
8/07/2017;Producto 42;Comas;200;($408.85)
8/07/2017;Producto 44;Ate;600;($317.24)
8/07/2017;Producto 45;Ate;600;($322.47)
8/07/2017;Producto 46;Ate;300;($497.75)
8/07/2017;Producto 145;Ate;300;($129.9)
8/07/2017;Producto 47;Rimac;200;$368.35
8/07/2017;Producto 48;Rimac;100;$71.31
9/07/2017;Producto 1;Lima;400;($463.75)
9/07/2017;Producto 2;Lima;400;($242.03)
9/07/2017;Producto 3;Lima;200;($174.27)
9/07/2017;Producto 4;Lima;500;$115.03
9/07/2017;Producto 5;Lima;600;($712.6)
9/07/2017;Producto 6;Lima;600;$10.57
9/07/2017;Producto 7;Lima;600;$12.63
9/07/2017;Producto 8;Lima;100;($453.23)
9/07/2017;Producto 9;Lima;200;($240.91)
9/07/2017;Producto 10;Lima;300;$619.42
9/07/2017;Producto 11;Lince;500;$101.25
9/07/2017;Producto 12;Lince;600;($403.02)
9/07/2017;Producto 13;Lince;500;($472.85)
9/07/2017;Producto 14;Lince;400;($393.31)
9/07/2017;Producto 15;Lince;200;($411.14)
9/07/2017;Producto 16;Lima;100;($414.9)
9/07/2017;Producto 17;Lima;300;$1171.26
9/07/2017;Producto 18;Lima;500;$550.17
9/07/2017;Producto 20;Bre–a;300;($508.43)
9/07/2017;Producto 21;Bre–a;100;($551.15)
9/07/2017;Producto 143;Bre–a;500;($196.14)
9/07/2017;Producto 22;Bre–a;600;($683.99)
9/07/2017;Producto 23;Bre–a;100;($686.83)
9/07/2017;Producto 24;Bre–a;100;($495.9)
9/07/2017;Producto 26;Bre–a;100;($362.1)
9/07/2017;Producto 27;Bre–a;500;$199.09
9/07/2017;Producto 28;Bre–a;100;($521.01)
9/07/2017;Producto 29;Bre–a;600;($655.39)
9/07/2017;Producto 30;Bre–a;300;($498.77)
9/07/2017;Producto 31;Bre–a;100;($39.93)
9/07/2017;Producto 32;Bre–a;600;($323.5)
9/07/2017;Producto 34;Comas;200;($310.31)
9/07/2017;Producto 35;Comas;100;($278.71)
9/07/2017;Producto 36;Comas;600;$48.58
9/07/2017;Producto 37;Comas;100;($202.13)
9/07/2017;Producto 38;Comas;200;($732.83)
9/07/2017;Producto 144;Comas;500;($226.92)
9/07/2017;Producto 39;Comas;300;($567.78)
9/07/2017;Producto 40;Comas;600;($30.27)
9/07/2017;Producto 41;Comas;500;($14.88)
9/07/2017;Producto 42;Comas;300;$136.8
9/07/2017;Producto 44;Ate;600;$132.78
9/07/2017;Producto 45;Ate;500;($372.65)
9/07/2017;Producto 46;Ate;600;$150.68
9/07/2017;Producto 145;Ate;300;($591.88)
9/07/2017;Producto 47;Rimac;300;$586.63
9/07/2017;Producto 48;Rimac;200;($786.6)
10/07/2017;Producto 1;Lima;600;($747.55)
10/07/2017;Producto 2;Lima;500;($780.44)
10/07/2017;Producto 3;Lima;600;($553.28)
10/07/2017;Producto 4;Lima;100;($559.93)
10/07/2017;Producto 5;Lima;100;($656.17)
10/07/2017;Producto 6;Lima;100;($349.91)
10/07/2017;Producto 7;Lima;600;($100.59)
10/07/2017;Producto 8;Lima;200;$129.8
10/07/2017;Producto 9;Lima;600;$13.39
10/07/2017;Producto 10;Lima;200;$531.55
10/07/2017;Producto 11;Lince;200;($508.5)
10/07/2017;Producto 12;Lince;400;($576.51)
10/07/2017;Producto 13;Lince;200;($220.74)
10/07/2017;Producto 14;Lince;300;($597.54)
10/07/2017;Producto 15;Lince;600;($299.27)
10/07/2017;Producto 16;Lima;400;($680.75)
10/07/2017;Producto 17;Lima;600;$298.65
10/07/2017;Producto 18;Lima;100;$993.51
10/07/2017;Producto 20;Bre–a;100;($113.5)
10/07/2017;Producto 21;Bre–a;300;($505.87)
10/07/2017;Producto 143;Bre–a;100;($502.52)
10/07/2017;Producto 22;Bre–a;200;$52.35
10/07/2017;Producto 23;Bre–a;100;($44.13)
10/07/2017;Producto 24;Bre–a;500;($773.38)
10/07/2017;Producto 26;Bre–a;300;($571.96)
10/07/2017;Producto 27;Bre–a;200;($443.28)
10/07/2017;Producto 28;Bre–a;400;($616.47)
10/07/2017;Producto 29;Bre–a;300;$161.3
10/07/2017;Producto 30;Bre–a;400;($103.59)
10/07/2017;Producto 31;Bre–a;300;$185.96
10/07/2017;Producto 32;Bre–a;300;($258.99)
10/07/2017;Producto 34;Comas;500;($374.84)
10/07/2017;Producto 35;Comas;200;$3.36
10/07/2017;Producto 36;Comas;600;($590.38)
10/07/2017;Producto 37;Comas;400;($323.43)
10/07/2017;Producto 38;Comas;200;($771.3)
10/07/2017;Producto 144;Comas;600;$194.29
10/07/2017;Producto 39;Comas;500;($771.7)
10/07/2017;Producto 40;Comas;300;($367.98)
10/07/2017;Producto 41;Comas;300;($552.93)
10/07/2017;Producto 42;Comas;100;($559.27)
10/07/2017;Producto 44;Ate;400;($156.24)
10/07/2017;Producto 45;Ate;600;$79.1
10/07/2017;Producto 46;Ate;100;($81.69)
10/07/2017;Producto 145;Ate;600;($474.52)
10/07/2017;Producto 47;Rimac;500;$776.23
10/07/2017;Producto 48;Rimac;600;$182.85
10/07/2017;Producto 49;Lince;300;$248.17
10/07/2017;Producto 50;Lince;200;$527.34
10/07/2017;Producto 51;Lince;300;$274.35
10/07/2017;Producto 52;Lince;100;$1104.86
10/07/2017;Producto 53;Lince;100;$737.65
10/07/2017;Producto 54;Lince;100;($700.76)
10/07/2017;Producto 55;Lince;400;$421.57
10/07/2017;Producto 56;Lima;400;$1083.03
10/07/2017;Producto 57;Lima;100;$1175.59
10/07/2017;Producto 58;Lima;600;($358.89)
10/07/2017;Producto 59;Lima;500;$945.71
10/07/2017;Producto 60;Lima;100;$1112.12
10/07/2017;Producto 61;Lima;300;$738.22
10/07/2017;Producto 62;Lima;400;$182.46
10/07/2017;Producto 63;Lima;200;$421.73
10/07/2017;Producto 64;Lima;200;($85.75)
10/07/2017;Producto 65;Lima;200;$981.64
10/07/2017;Producto 66;Ate;100;($748.23)
10/07/2017;Producto 67;Bre–a;200;$1071.47
10/07/2017;Producto 68;Bre–a;100;$796.15
10/07/2017;Producto 70;Ate;200;$968.81
10/07/2017;Producto 71;Lima;400;$284.15
10/07/2017;Producto 72;Lima;400;$455.73
10/07/2017;Producto 73;Lima;100;$1087.92
10/07/2017;Producto 74;Miraflores;100;$1177.65
10/07/2017;Producto 75;Miraflores;200;$944.83
10/07/2017;Producto 76;Miraflores;300;($790.09)
10/07/2017;Producto 77;Miraflores;300;$910.29
10/07/2017;Producto 78;San Luis;300;$293.57
10/07/2017;Producto 79;Rimac;400;$892.25
10/07/2017;Producto 146;Bre–a;300;$1132.05
10/07/2017;Producto 146;Lima;100;$451.88
10/07/2017;Producto 146;Miraflores;300;$899.88
10/07/2017;Producto 146;San Luis;400;$810.8
10/07/2017;Producto 146;Rimac;400;$665.84
10/07/2017;Producto 80;Lima;200;$173.25
10/07/2017;Producto 81;Bre–a;600;$430.61
10/07/2017;Producto 81;Ate;600;$877.05
10/07/2017;Producto 81;Lima;400;$837.4
10/07/2017;Producto 81;Miraflores;500;$668.12
10/07/2017;Producto 81;San Luis;300;$243.03
10/07/2017;Producto 81;Rimac;500;$115.28
10/07/2017;Producto 82;Bre–a;500;$910.26
10/07/2017;Producto 82;Ate;200;$806.1
10/07/2017;Producto 82;Lima;200;$776.72
10/07/2017;Producto 82;Miraflores;100;$478.38
10/07/2017;Producto 82;San Luis;100;$774.33
10/07/2017;Producto 82;Rimac;100;$347.21
10/07/2017;Producto 83;Lima;500;($337.57)
10/07/2017;Producto 83;Miraflores;100;$860.31
10/07/2017;Producto 83;Rimac;100;$265.4
10/07/2017;Producto 84;Bre–a;100;$664.43
10/07/2017;Producto 84;Lima;200;$954.26
10/07/2017;Producto 84;Miraflores;300;$1141.94
10/07/2017;Producto 84;San Luis;400;$1149.53
10/07/2017;Producto 84;Rimac;300;$1034.55
10/07/2017;Producto 85;Bre–a;600;$301.47
10/07/2017;Producto 85;Lima;300;$604.53
10/07/2017;Producto 85;Miraflores;600;$592.44
10/07/2017;Producto 85;San Luis;500;$417.21
10/07/2017;Producto 85;Rimac;400;$786.14
10/07/2017;Producto 86;Bre–a;300;$1018.86
10/07/2017;Producto 86;Ate;100;$1008.95
10/07/2017;Producto 86;Lima;300;$334.21
10/07/2017;Producto 86;Miraflores;300;$795.36
10/07/2017;Producto 86;San Luis;100;$574.29
10/07/2017;Producto 86;Rimac;600;$601.08
10/07/2017;Producto 87;Bre–a;300;$389.11
10/07/2017;Producto 87;Lima;100;$855.71
10/07/2017;Producto 147;Bre–a;100;$996.91
10/07/2017;Producto 147;Lima;600;$287.29
10/07/2017;Producto 147;Miraflores;300;$497.48
10/07/2017;Producto 147;San Luis;500;$435.58
10/07/2017;Producto 147;Rimac;300;$219.52
10/07/2017;Producto 88;Bre–a;600;$276.11
10/07/2017;Producto 89;Bre–a;300;$1136.94
10/07/2017;Producto 148;Miraflores;600;$655.23
10/07/2017;Producto 90;Miraflores;600;$1040.24
10/07/2017;Producto 149;Miraflores;400;$928.94
10/07/2017;Producto 150;Miraflores;400;($585.15)
10/07/2017;Producto 91;Miraflores;100;$561.41
10/07/2017;Producto 92;Miraflores;100;($675.19)
10/07/2017;Producto 93;Miraflores;500;$645.7
10/07/2017;Producto 151;Miraflores;300;$558.83
10/07/2017;Producto 94;Miraflores;300;($522.01)
10/07/2017;Producto 95;Miraflores;200;$507.71
10/07/2017;Producto 152;Miraflores;500;$1040.98
10/07/2017;Producto 96;Miraflores;100;$950.25
10/07/2017;Producto 97;Miraflores;600;$1123.7
10/07/2017;Producto 98;Miraflores;300;$245.1
10/07/2017;Producto 99;Miraflores;500;$355.26
10/07/2017;Producto 100;Miraflores;100;($525.85)
10/07/2017;Producto 101;Miraflores;600;$1133.31
10/07/2017;Producto 102;Miraflores;400;$1150.57
10/07/2017;Producto 153;Miraflores;100;$896.17
10/07/2017;Producto 154;Miraflores;400;$636.31
10/07/2017;Producto 104;Miraflores;400;$762.71
10/07/2017;Producto 105;Miraflores;100;$510.3
10/07/2017;Producto 155;Miraflores;300;$549.18
10/07/2017;Producto 106;Miraflores;200;$459.65
10/07/2017;Producto 107;San Luis;400;$882.27
10/07/2017;Producto 108;Comas;500;$900.58
10/07/2017;Producto 109;Lima;400;$981.67
10/07/2017;Producto 110;Rimac;100;$386.68
10/07/2017;Producto 111;Lima;100;$550.15
10/07/2017;Producto 113;Rimac;200;$872.05
10/07/2017;Producto 114;Comas;600;$388.37
10/07/2017;Producto 114;Miraflores;500;$746.97
10/07/2017;Producto 114;Rimac;200;$773.69
10/07/2017;Producto 115;Lima;400;$709.82
10/07/2017;Producto 116;Rimac;600;$985.1
10/07/2017;Producto 117;Rimac;600;$1114.92
10/07/2017;Producto 118;Rimac;400;$897.8
10/07/2017;Producto 119;Comas;200;$220.55
10/07/2017;Producto 119;Rimac;400;$921.16
10/07/2017;Producto 120;Rimac;600;$234.04
10/07/2017;Producto 121;Rimac;100;$940.37
10/07/2017;Producto 122;Bre–a;300;$1012.96
10/07/2017;Producto 122;Lima;200;$932.52
10/07/2017;Producto 122;Miraflores;500;$833.07
10/07/2017;Producto 122;San Luis;500;$696.87
10/07/2017;Producto 123;Bre–a;600;$1041.16
10/07/2017;Producto 123;Lince;400;$1177.9
10/07/2017;Producto 123;Rimac;600;$862.63
10/07/2017;Producto 124;Bre–a;100;$1173.57
10/07/2017;Producto 124;Lima;200;$1041.74
10/07/2017;Producto 125;Bre–a;100;$808.19
10/07/2017;Producto 125;Lima;500;$1173.47
10/07/2017;Producto 126;Bre–a;600;$979.16
10/07/2017;Producto 126;Lima;400;$1192.04
10/07/2017;Producto 126;Miraflores;300;$862.66
10/07/2017;Producto 128;Bre–a;600;$326.15
10/07/2017;Producto 128;Lima;100;$509.49
10/07/2017;Producto 128;Miraflores;500;$648.2
10/07/2017;Producto 128;Rimac;500;$352.34
10/07/2017;Producto 156;Bre–a;500;$1179.04
10/07/2017;Producto 129;Bre–a;400;$892.21
10/07/2017;Producto 130;Miraflores;100;$1099.96
10/07/2017;Producto 131;Lima;600;$885.86
10/07/2017;Producto 131;Miraflores;200;$1167.93
10/07/2017;Producto 133;Lima;500;$313.51
10/07/2017;Producto 134;Lima;100;$944.73
10/07/2017;Producto 135;Lima;400;$749.55
10/07/2017;Producto 135;Rimac;200;$448.35
10/07/2017;Producto 136;Lima;400;$802.11
10/07/2017;Producto 157;Lima;600;$931.34
10/07/2017;Producto 137;Lima;100;$1058.61
10/07/2017;Producto 138;Lima;600;$340.98
10/07/2017;Producto 139;Lima;300;$659.7
10/07/2017;Producto 141;Rimac;500;$636.43
11/07/2017;Producto 1;Lima;300;$102.05
11/07/2017;Producto 2;Lima;200;$146.46
11/07/2017;Producto 3;Lima;100;($514.51)
11/07/2017;Producto 4;Lima;500;$199.07
11/07/2017;Producto 5;Lima;100;$76.86
11/07/2017;Producto 6;Lima;600;($121.71)
11/07/2017;Producto 7;Lima;200;($342.9)
11/07/2017;Producto 8;Lima;100;($221.06)
11/07/2017;Producto 9;Lima;300;($718.94)
11/07/2017;Producto 10;Lima;400;$784.77
11/07/2017;Producto 11;Lince;200;($133.37)
11/07/2017;Producto 12;Lince;200;$169.4
11/07/2017;Producto 13;Lince;500;($197.57)
11/07/2017;Producto 14;Lince;600;($524.87)
11/07/2017;Producto 15;Lince;500;($662.69)
11/07/2017;Producto 16;Lima;500;($237.13)
11/07/2017;Producto 17;Lima;200;$201.27
11/07/2017;Producto 18;Lima;500;$726.66
11/07/2017;Producto 20;Bre–a;500;($499.98)
11/07/2017;Producto 21;Bre–a;300;($174.02)
11/07/2017;Producto 143;Bre–a;600;($350.45)
11/07/2017;Producto 22;Bre–a;500;$87.39
11/07/2017;Producto 23;Bre–a;200;($441.26)
11/07/2017;Producto 24;Bre–a;600;($583.83)
11/07/2017;Producto 26;Bre–a;400;($307.38)
11/07/2017;Producto 27;Bre–a;400;($791.7)
11/07/2017;Producto 28;Bre–a;500;($27.85)
11/07/2017;Producto 29;Bre–a;200;($23.94)
11/07/2017;Producto 30;Bre–a;200;($792.05)
11/07/2017;Producto 31;Bre–a;100;($46.9)
11/07/2017;Producto 32;Bre–a;200;($463.73)
11/07/2017;Producto 34;Comas;600;($435.71)
11/07/2017;Producto 35;Comas;100;$57.38
11/07/2017;Producto 36;Comas;500;($730.96)
11/07/2017;Producto 37;Comas;300;($502.91)
11/07/2017;Producto 38;Comas;500;$182.59
11/07/2017;Producto 144;Comas;600;($442.2)
11/07/2017;Producto 39;Comas;500;$158.03
11/07/2017;Producto 40;Comas;100;($133.8)
11/07/2017;Producto 41;Comas;500;($734.18)
11/07/2017;Producto 42;Comas;100;($218.88)
11/07/2017;Producto 44;Ate;400;($434.43)
11/07/2017;Producto 45;Ate;100;($477.42)
11/07/2017;Producto 46;Ate;500;($670.34)
11/07/2017;Producto 145;Ate;500;$132.86
11/07/2017;Producto 47;Rimac;400;$514.14
11/07/2017;Producto 48;Rimac;600;($734.99)
12/07/2017;Producto 1;Lima;500;($173.82)
12/07/2017;Producto 2;Lima;100;($412.79)
12/07/2017;Producto 3;Lima;600;$171.25
12/07/2017;Producto 4;Lima;400;($477.64)
12/07/2017;Producto 5;Lima;600;$167.43
12/07/2017;Producto 6;Lima;100;($615)
12/07/2017;Producto 7;Lima;200;($736.49)
12/07/2017;Producto 8;Lima;200;$60.33
12/07/2017;Producto 9;Lima;500;($615.95)
12/07/2017;Producto 10;Lima;500;$1177.66
12/07/2017;Producto 11;Lince;500;($442.83)
12/07/2017;Producto 12;Lince;500;($603.14)
12/07/2017;Producto 13;Lince;300;$10.91
12/07/2017;Producto 14;Lince;500;($463.91)
12/07/2017;Producto 15;Lince;300;($17.29)
12/07/2017;Producto 16;Lima;500;($559.4)
12/07/2017;Producto 17;Lima;100;$846.23
12/07/2017;Producto 18;Lima;300;$1191.26
12/07/2017;Producto 20;Bre–a;300;($313.21)
12/07/2017;Producto 21;Bre–a;600;($784.7)
12/07/2017;Producto 143;Bre–a;300;($423.44)
12/07/2017;Producto 22;Bre–a;500;($138.6)
12/07/2017;Producto 23;Bre–a;400;($327.91)
12/07/2017;Producto 24;Bre–a;400;($247.82)
12/07/2017;Producto 26;Bre–a;200;($490.99)
12/07/2017;Producto 27;Bre–a;600;($488.74)
12/07/2017;Producto 28;Bre–a;600;($274.2)
12/07/2017;Producto 29;Bre–a;100;($48.09)
12/07/2017;Producto 30;Bre–a;200;($132.94)
12/07/2017;Producto 31;Bre–a;300;($690.76)
12/07/2017;Producto 32;Bre–a;600;($622.93)
12/07/2017;Producto 34;Comas;600;($170.38)
12/07/2017;Producto 35;Comas;300;($652.5)
12/07/2017;Producto 36;Comas;300;($434.06)
12/07/2017;Producto 37;Comas;500;$170.28
12/07/2017;Producto 38;Comas;200;($60.31)
12/07/2017;Producto 144;Comas;600;($183.72)
12/07/2017;Producto 39;Comas;400;$63.44
12/07/2017;Producto 40;Comas;200;($209.01)
12/07/2017;Producto 41;Comas;300;($129.29)
12/07/2017;Producto 42;Comas;200;($169.85)
12/07/2017;Producto 44;Ate;300;($185.88)
12/07/2017;Producto 45;Ate;400;($36.72)
12/07/2017;Producto 46;Ate;400;$119.86
12/07/2017;Producto 145;Ate;500;$0.19
12/07/2017;Producto 47;Rimac;200;$671.92
12/07/2017;Producto 48;Rimac;100;($550.7)
13/07/2017;Producto 1;Lima;100;($479.59)
13/07/2017;Producto 2;Lima;500;($330.31)
13/07/2017;Producto 3;Lima;300;($670.76)
13/07/2017;Producto 4;Lima;400;($339.93)
13/07/2017;Producto 5;Lima;100;($625.84)
13/07/2017;Producto 6;Lima;300;$146.44
13/07/2017;Producto 7;Lima;300;($612.18)
13/07/2017;Producto 8;Lima;400;($692.99)
13/07/2017;Producto 9;Lima;600;($441.22)
13/07/2017;Producto 10;Lima;100;$1034.35
13/07/2017;Producto 11;Lince;400;($267.56)
13/07/2017;Producto 12;Lince;300;($361.84)
13/07/2017;Producto 13;Lince;600;($528.56)
13/07/2017;Producto 14;Lince;400;$146.69
13/07/2017;Producto 15;Lince;100;$131.13
13/07/2017;Producto 16;Lima;200;($665.28)
13/07/2017;Producto 17;Lima;100;$303.87
13/07/2017;Producto 18;Lima;200;$896.27
13/07/2017;Producto 20;Bre–a;300;($277.18)
13/07/2017;Producto 21;Bre–a;100;($44.69)
13/07/2017;Producto 143;Bre–a;500;($124.48)
13/07/2017;Producto 22;Bre–a;200;($710.12)
13/07/2017;Producto 23;Bre–a;500;($490.42)
13/07/2017;Producto 24;Bre–a;200;($336.38)
13/07/2017;Producto 26;Bre–a;100;($429.92)
13/07/2017;Producto 27;Bre–a;600;($668.26)
13/07/2017;Producto 28;Bre–a;300;($325.49)
13/07/2017;Producto 29;Bre–a;300;$27.61
13/07/2017;Producto 30;Bre–a;400;$111.11
13/07/2017;Producto 31;Bre–a;400;($230.76)
13/07/2017;Producto 32;Bre–a;100;($82.06)
13/07/2017;Producto 34;Comas;600;$117.33
13/07/2017;Producto 35;Comas;200;($794.67)
13/07/2017;Producto 36;Comas;200;($149.01)
13/07/2017;Producto 37;Comas;400;($20.8)
13/07/2017;Producto 38;Comas;200;$90.75
13/07/2017;Producto 144;Comas;100;($146.98)
13/07/2017;Producto 39;Comas;200;($335.26)
13/07/2017;Producto 40;Comas;200;($174.86)
13/07/2017;Producto 41;Comas;100;($783.48)
13/07/2017;Producto 42;Comas;600;$82.56
13/07/2017;Producto 44;Ate;500;($623.12)
13/07/2017;Producto 45;Ate;400;($284.19)
13/07/2017;Producto 46;Ate;100;($794.43)
13/07/2017;Producto 145;Ate;400;$179.6
13/07/2017;Producto 47;Rimac;100;$1011.81
13/07/2017;Producto 48;Rimac;600;$148.53
14/07/2017;Producto 1;Lima;500;($425.78)
14/07/2017;Producto 2;Lima;400;($414.11)
14/07/2017;Producto 3;Lima;600;($678.7)
14/07/2017;Producto 4;Lima;600;$190.46
14/07/2017;Producto 5;Lima;200;($156.52)
14/07/2017;Producto 6;Lima;500;($527.57)
14/07/2017;Producto 7;Lima;100;($209.76)
14/07/2017;Producto 8;Lima;200;($34.76)
14/07/2017;Producto 9;Lima;500;$60.75
14/07/2017;Producto 10;Lima;400;$554.2
14/07/2017;Producto 11;Lince;600;$9.34
14/07/2017;Producto 12;Lince;300;($103.96)
14/07/2017;Producto 13;Lince;100;($432.05)
14/07/2017;Producto 14;Lince;300;($649.75)
14/07/2017;Producto 15;Lince;400;$171.75
14/07/2017;Producto 16;Lima;400;($253.08)
14/07/2017;Producto 17;Lima;300;$259.47
14/07/2017;Producto 18;Lima;500;$1114.53
14/07/2017;Producto 20;Bre–a;500;$24.16
14/07/2017;Producto 21;Bre–a;300;($403.74)
14/07/2017;Producto 143;Bre–a;400;($511.92)
14/07/2017;Producto 22;Bre–a;500;$177.1
14/07/2017;Producto 23;Bre–a;200;$1.21
14/07/2017;Producto 24;Bre–a;100;($538.73)
14/07/2017;Producto 26;Bre–a;500;$168.92
14/07/2017;Producto 27;Bre–a;100;$196.97
14/07/2017;Producto 28;Bre–a;400;($481.88)
14/07/2017;Producto 29;Bre–a;400;$27.52
14/07/2017;Producto 30;Bre–a;400;($54.58)
14/07/2017;Producto 31;Bre–a;200;($703.04)
14/07/2017;Producto 32;Bre–a;400;$163.78
14/07/2017;Producto 34;Comas;600;($46.99)
14/07/2017;Producto 35;Comas;500;$30.57
14/07/2017;Producto 36;Comas;600;$165.58
14/07/2017;Producto 37;Comas;600;($355.71)
14/07/2017;Producto 38;Comas;100;$197.72
14/07/2017;Producto 144;Comas;100;($236.24)
14/07/2017;Producto 39;Comas;200;$38.07
14/07/2017;Producto 40;Comas;500;($666.58)
14/07/2017;Producto 41;Comas;200;($704.91)
14/07/2017;Producto 42;Comas;100;($358.31)
14/07/2017;Producto 44;Ate;600;($581.51)
14/07/2017;Producto 45;Ate;500;($402.55)
14/07/2017;Producto 46;Ate;600;($450.15)
14/07/2017;Producto 145;Ate;500;($414.54)
14/07/2017;Producto 47;Rimac;200;$558.56
14/07/2017;Producto 48;Rimac;200;($167.91)
15/07/2017;Producto 1;Lima;500;$164.12
15/07/2017;Producto 2;Lima;100;($223.8)
15/07/2017;Producto 3;Lima;400;($262.89)
15/07/2017;Producto 4;Lima;200;($369.3)
15/07/2017;Producto 5;Lima;300;($268.59)
15/07/2017;Producto 6;Lima;200;($426.84)
15/07/2017;Producto 7;Lima;600;($253.07)
15/07/2017;Producto 8;Lima;400;$6.84
15/07/2017;Producto 9;Lima;300;($464.2)
15/07/2017;Producto 10;Lima;500;$665.12
15/07/2017;Producto 11;Lince;100;($386.72)
15/07/2017;Producto 12;Lince;200;($365.49)
15/07/2017;Producto 13;Lince;600;$97.79
15/07/2017;Producto 14;Lince;600;($187.16)
15/07/2017;Producto 15;Lince;300;$48.54
15/07/2017;Producto 16;Lima;600;$175.13
15/07/2017;Producto 17;Lima;400;$967.1
15/07/2017;Producto 18;Lima;600;$216.29
15/07/2017;Producto 20;Bre–a;600;($114.84)
15/07/2017;Producto 21;Bre–a;100;($462.95)
15/07/2017;Producto 143;Bre–a;100;($528.35)
15/07/2017;Producto 22;Bre–a;500;($332.15)
15/07/2017;Producto 23;Bre–a;600;($747.69)
15/07/2017;Producto 24;Bre–a;400;($296.92)
15/07/2017;Producto 26;Bre–a;500;($752.91)
15/07/2017;Producto 27;Bre–a;600;$10.23
15/07/2017;Producto 28;Bre–a;600;$195.49
15/07/2017;Producto 29;Bre–a;200;($8.73)
15/07/2017;Producto 30;Bre–a;100;($794.9)
15/07/2017;Producto 31;Bre–a;100;($620.53)
15/07/2017;Producto 32;Bre–a;600;($647.39)
15/07/2017;Producto 34;Comas;600;$107.93
15/07/2017;Producto 35;Comas;100;($245.61)
15/07/2017;Producto 36;Comas;600;($384.56)
15/07/2017;Producto 37;Comas;100;($553.86)
15/07/2017;Producto 38;Comas;300;($405.79)
15/07/2017;Producto 144;Comas;400;$131.51
15/07/2017;Producto 39;Comas;600;($467.7)
15/07/2017;Producto 40;Comas;500;($340.76)
15/07/2017;Producto 41;Comas;200;$69.69
15/07/2017;Producto 42;Comas;400;($274.64)
15/07/2017;Producto 44;Ate;200;$11.08
15/07/2017;Producto 45;Ate;300;$126.28
15/07/2017;Producto 46;Ate;400;($264.1)
15/07/2017;Producto 145;Ate;300;($268.1)
15/07/2017;Producto 47;Rimac;100;$1178.39
15/07/2017;Producto 48;Rimac;200;($98.32)
16/07/2017;Producto 1;Lima;200;($599.73)
16/07/2017;Producto 2;Lima;200;($50.39)
16/07/2017;Producto 3;Lima;500;($513.94)
16/07/2017;Producto 4;Lima;500;($453.77)
16/07/2017;Producto 5;Lima;400;($597.31)
16/07/2017;Producto 6;Lima;100;($761.31)
16/07/2017;Producto 7;Lima;400;($171.1)
16/07/2017;Producto 8;Lima;500;$3.74
16/07/2017;Producto 9;Lima;100;($364.89)
16/07/2017;Producto 10;Lima;200;$1019.36
16/07/2017;Producto 11;Lince;100;($744.77)
16/07/2017;Producto 12;Lince;100;($48.76)
16/07/2017;Producto 13;Lince;600;($222.38)
16/07/2017;Producto 14;Lince;400;($56.01)
16/07/2017;Producto 15;Lince;300;$88.58
16/07/2017;Producto 16;Lima;400;($585.79)
16/07/2017;Producto 17;Lima;600;$657.92
16/07/2017;Producto 18;Lima;200;$890.22
16/07/2017;Producto 20;Bre–a;500;($87.97)
16/07/2017;Producto 21;Bre–a;200;($52.74)
16/07/2017;Producto 143;Bre–a;300;($143.37)
16/07/2017;Producto 22;Bre–a;600;($604.02)
16/07/2017;Producto 23;Bre–a;100;($302.18)
16/07/2017;Producto 24;Bre–a;600;($238.48)
16/07/2017;Producto 26;Bre–a;400;($679.78)
16/07/2017;Producto 27;Bre–a;600;($765.35)
16/07/2017;Producto 28;Bre–a;500;($464.29)
16/07/2017;Producto 29;Bre–a;200;$24.21
16/07/2017;Producto 30;Bre–a;400;($595.13)
16/07/2017;Producto 31;Bre–a;600;$161.63
16/07/2017;Producto 32;Bre–a;100;($597.74)
16/07/2017;Producto 34;Comas;600;($592.41)
16/07/2017;Producto 35;Comas;100;($122.6)
16/07/2017;Producto 36;Comas;100;$153
16/07/2017;Producto 37;Comas;400;($750.2)
16/07/2017;Producto 38;Comas;600;$18.18
16/07/2017;Producto 144;Comas;100;$96.48
16/07/2017;Producto 39;Comas;400;($691.43)
16/07/2017;Producto 40;Comas;200;($505.74)
16/07/2017;Producto 41;Comas;400;($316.53)
16/07/2017;Producto 42;Comas;500;($432.34)
16/07/2017;Producto 44;Ate;400;($546.83)
16/07/2017;Producto 45;Ate;500;$117.92
16/07/2017;Producto 46;Ate;400;($312.26)
16/07/2017;Producto 145;Ate;200;($707.76)
16/07/2017;Producto 47;Rimac;300;$631.29
16/07/2017;Producto 48;Rimac;300;($420.61)
17/07/2017;Producto 1;Lima;400;($286.34)
17/07/2017;Producto 2;Lima;300;($487.71)
17/07/2017;Producto 3;Lima;300;($352.75)
17/07/2017;Producto 4;Lima;200;($243.28)
17/07/2017;Producto 5;Lima;300;($98.94)
17/07/2017;Producto 6;Lima;400;$87.03
17/07/2017;Producto 7;Lima;600;($8.08)
17/07/2017;Producto 8;Lima;600;($157.17)
17/07/2017;Producto 9;Lima;400;($656.25)
17/07/2017;Producto 10;Lima;600;$1006.26
17/07/2017;Producto 11;Lince;300;$64.15
17/07/2017;Producto 12;Lince;600;$70.79
17/07/2017;Producto 13;Lince;600;($104.77)
17/07/2017;Producto 14;Lince;300;($361.85)
17/07/2017;Producto 15;Lince;300;($655.9)
17/07/2017;Producto 16;Lima;200;$192.71
17/07/2017;Producto 17;Lima;100;$430.22
17/07/2017;Producto 18;Lima;100;$744.23
17/07/2017;Producto 20;Bre–a;600;$100.88
17/07/2017;Producto 21;Bre–a;500;($441.06)
17/07/2017;Producto 143;Bre–a;300;($455.03)
17/07/2017;Producto 22;Bre–a;500;($227.33)
17/07/2017;Producto 23;Bre–a;400;($18.93)
17/07/2017;Producto 24;Bre–a;300;($209.01)
17/07/2017;Producto 26;Bre–a;200;($705.68)
17/07/2017;Producto 27;Bre–a;100;($221.82)
17/07/2017;Producto 28;Bre–a;400;$129.7
17/07/2017;Producto 29;Bre–a;100;($393.46)
17/07/2017;Producto 30;Bre–a;200;($627.19)
17/07/2017;Producto 31;Bre–a;300;($787.51)
17/07/2017;Producto 32;Bre–a;200;($251.39)
17/07/2017;Producto 34;Comas;500;($588.8)
17/07/2017;Producto 35;Comas;500;($737.46)
17/07/2017;Producto 36;Comas;500;($106.21)
17/07/2017;Producto 37;Comas;200;$50.34
17/07/2017;Producto 38;Comas;200;($51.65)
17/07/2017;Producto 144;Comas;200;$192.5
17/07/2017;Producto 39;Comas;600;($586.4)
17/07/2017;Producto 40;Comas;100;($3.02)
17/07/2017;Producto 41;Comas;500;($484.37)
17/07/2017;Producto 42;Comas;400;($776.21)
17/07/2017;Producto 44;Ate;500;($634.36)
17/07/2017;Producto 45;Ate;400;($796.5)
17/07/2017;Producto 46;Ate;500;($565.6)
17/07/2017;Producto 145;Ate;400;($82.24)
17/07/2017;Producto 47;Rimac;100;$662.5
17/07/2017;Producto 48;Rimac;200;($136.24)
17/07/2017;Producto 49;Lince;300;$704.55
17/07/2017;Producto 50;Lince;200;$1156.11
17/07/2017;Producto 51;Lince;600;$231.42
17/07/2017;Producto 52;Lince;300;$884.83
17/07/2017;Producto 53;Lince;400;$978.65
17/07/2017;Producto 54;Lince;300;($532.42)
17/07/2017;Producto 55;Lince;400;$1008.08
17/07/2017;Producto 56;Lima;600;$261.85
17/07/2017;Producto 57;Lima;200;$766.97
17/07/2017;Producto 58;Lima;500;$51.44
17/07/2017;Producto 59;Lima;500;$553.21
17/07/2017;Producto 60;Lima;300;$916.68
17/07/2017;Producto 61;Lima;100;$922.13
17/07/2017;Producto 62;Lima;500;$68.25
17/07/2017;Producto 63;Lima;400;$467.43
17/07/2017;Producto 64;Lima;500;$167.45
17/07/2017;Producto 65;Lima;100;$248.2
17/07/2017;Producto 66;Ate;300;($787.96)
17/07/2017;Producto 67;Bre–a;600;$823.02
17/07/2017;Producto 68;Bre–a;400;$310.84
17/07/2017;Producto 70;Ate;300;$562.89
17/07/2017;Producto 71;Lima;500;$1168.06
17/07/2017;Producto 72;Lima;600;$1109.27
17/07/2017;Producto 73;Lima;500;$378.99
17/07/2017;Producto 74;Miraflores;100;$712.6
17/07/2017;Producto 75;Miraflores;600;$1100.69
17/07/2017;Producto 76;Miraflores;100;($171.7)
17/07/2017;Producto 77;Miraflores;100;$223.88
17/07/2017;Producto 78;San Luis;400;$562.41
17/07/2017;Producto 79;Rimac;100;$515.97
17/07/2017;Producto 146;Bre–a;200;$710.08
17/07/2017;Producto 146;Lima;200;$419.88
17/07/2017;Producto 146;Miraflores;600;$810.3
17/07/2017;Producto 146;San Luis;300;$928.53
17/07/2017;Producto 146;Rimac;600;$603.54
17/07/2017;Producto 80;Lima;300;($664)
17/07/2017;Producto 81;Bre–a;200;$907.46
17/07/2017;Producto 81;Ate;300;$446.27
17/07/2017;Producto 81;Lima;500;$542.08
17/07/2017;Producto 81;Miraflores;100;$279.68
17/07/2017;Producto 81;San Luis;100;$355.4
17/07/2017;Producto 81;Rimac;400;($776.67)
17/07/2017;Producto 82;Bre–a;400;$352.13
17/07/2017;Producto 82;Ate;600;$890.41
17/07/2017;Producto 82;Lima;500;$678.61
17/07/2017;Producto 82;Miraflores;600;$527.75
17/07/2017;Producto 82;San Luis;600;$1100.28
17/07/2017;Producto 82;Rimac;300;$931.64
17/07/2017;Producto 83;Lima;100;($587.78)
17/07/2017;Producto 83;Miraflores;400;$718.36
17/07/2017;Producto 83;Rimac;500;$590.33
17/07/2017;Producto 84;Bre–a;200;$1039.04
17/07/2017;Producto 84;Lima;200;$269.97
17/07/2017;Producto 84;Miraflores;200;$447.94
17/07/2017;Producto 84;San Luis;600;$963.95
17/07/2017;Producto 84;Rimac;400;$457.73
17/07/2017;Producto 85;Bre–a;300;$320.29
17/07/2017;Producto 85;Lima;200;$420.91
17/07/2017;Producto 85;Miraflores;600;$821.27
17/07/2017;Producto 85;San Luis;100;$1007.04
17/07/2017;Producto 85;Rimac;200;$245.1
17/07/2017;Producto 86;Bre–a;600;$902.78
17/07/2017;Producto 86;Ate;100;$289.99
17/07/2017;Producto 86;Lima;200;$755.63
17/07/2017;Producto 86;Miraflores;300;$632.94
17/07/2017;Producto 86;San Luis;300;$1160.83
17/07/2017;Producto 86;Rimac;100;$496.2
17/07/2017;Producto 87;Bre–a;300;$712.38
17/07/2017;Producto 87;Lima;100;$633.53
17/07/2017;Producto 147;Bre–a;600;$258.24
17/07/2017;Producto 147;Lima;300;$412.11
17/07/2017;Producto 147;Miraflores;100;$768.44
17/07/2017;Producto 147;San Luis;500;$1001.66
17/07/2017;Producto 147;Rimac;600;$794.53
17/07/2017;Producto 88;Bre–a;300;$762.99
17/07/2017;Producto 89;Bre–a;400;$952.21
17/07/2017;Producto 148;Miraflores;300;$981.36
17/07/2017;Producto 90;Miraflores;100;$1139.85
17/07/2017;Producto 149;Miraflores;100;$1197.66
17/07/2017;Producto 150;Miraflores;400;$79.39
17/07/2017;Producto 91;Miraflores;100;$660.93
17/07/2017;Producto 92;Miraflores;300;($21.88)
17/07/2017;Producto 93;Miraflores;600;$488.29
17/07/2017;Producto 151;Miraflores;400;$572.76
17/07/2017;Producto 94;Miraflores;100;($422.96)
17/07/2017;Producto 95;Miraflores;600;$579.04
17/07/2017;Producto 152;Miraflores;400;$948.46
17/07/2017;Producto 96;Miraflores;500;$773.76
17/07/2017;Producto 97;Miraflores;600;$405.69
17/07/2017;Producto 98;Miraflores;600;$1025.07
17/07/2017;Producto 99;Miraflores;400;$415.43
17/07/2017;Producto 100;Miraflores;200;$124.74
17/07/2017;Producto 101;Miraflores;200;$655.04
17/07/2017;Producto 102;Miraflores;600;$312.19
17/07/2017;Producto 153;Miraflores;500;$341.31
17/07/2017;Producto 154;Miraflores;100;$899.18
17/07/2017;Producto 104;Miraflores;200;$651.18
17/07/2017;Producto 105;Miraflores;100;$381.78
17/07/2017;Producto 155;Miraflores;400;$728.93
17/07/2017;Producto 106;Miraflores;600;$281.35
17/07/2017;Producto 107;San Luis;100;$1181.42
17/07/2017;Producto 108;Comas;100;$323.78
17/07/2017;Producto 109;Lima;100;$479.73
17/07/2017;Producto 110;Rimac;400;$820.19
17/07/2017;Producto 111;Lima;300;$967.64
17/07/2017;Producto 113;Rimac;100;$1153.93
17/07/2017;Producto 114;Comas;500;$422.4
17/07/2017;Producto 114;Miraflores;100;$655.77
17/07/2017;Producto 114;Rimac;600;$1099.61
17/07/2017;Producto 115;Lima;200;$883.86
17/07/2017;Producto 116;Rimac;100;$905.15
17/07/2017;Producto 117;Rimac;400;$376
17/07/2017;Producto 118;Rimac;200;$633.99
17/07/2017;Producto 119;Comas;400;$244.78
17/07/2017;Producto 119;Rimac;400;$256.55
17/07/2017;Producto 120;Rimac;500;$706.64
17/07/2017;Producto 121;Rimac;600;$701.01
17/07/2017;Producto 122;Bre–a;300;$393.52
17/07/2017;Producto 122;Lima;500;$522.72
17/07/2017;Producto 122;Miraflores;300;$804.23
17/07/2017;Producto 122;San Luis;200;$594.92
17/07/2017;Producto 123;Bre–a;200;$440.7
17/07/2017;Producto 123;Lince;600;$745.21
17/07/2017;Producto 123;Rimac;600;$676.18
17/07/2017;Producto 124;Bre–a;500;$874.59
17/07/2017;Producto 124;Lima;400;$1012.1
17/07/2017;Producto 125;Bre–a;500;$418.57
17/07/2017;Producto 125;Lima;400;$230.34
17/07/2017;Producto 126;Bre–a;100;$1040.55
17/07/2017;Producto 126;Lima;200;$698.19
17/07/2017;Producto 126;Miraflores;400;$794.74
17/07/2017;Producto 128;Bre–a;500;$388.36
17/07/2017;Producto 128;Lima;400;$988.82
17/07/2017;Producto 128;Miraflores;300;$756.47
17/07/2017;Producto 128;Rimac;600;$1179.19
17/07/2017;Producto 156;Bre–a;300;$889.49
17/07/2017;Producto 129;Bre–a;300;$778.75
17/07/2017;Producto 130;Miraflores;300;$610.15
17/07/2017;Producto 131;Lima;400;$387.33
17/07/2017;Producto 131;Miraflores;100;$1152.65
17/07/2017;Producto 133;Lima;500;$712.74
17/07/2017;Producto 134;Lima;100;$661.84
17/07/2017;Producto 135;Lima;600;$493.97
17/07/2017;Producto 135;Rimac;600;$667.74
17/07/2017;Producto 136;Lima;600;$439.52
17/07/2017;Producto 157;Lima;600;$890.48
17/07/2017;Producto 137;Lima;100;$705.55
17/07/2017;Producto 138;Lima;600;$435.08
17/07/2017;Producto 139;Lima;400;$539.22
17/07/2017;Producto 141;Rimac;200;$254.03
18/07/2017;Producto 1;Lima;400;$12.59
18/07/2017;Producto 2;Lima;200;($312.96)
18/07/2017;Producto 3;Lima;300;($311.66)
18/07/2017;Producto 4;Lima;600;$120.8
18/07/2017;Producto 5;Lima;300;($547.58)
18/07/2017;Producto 6;Lima;100;($751.03)
18/07/2017;Producto 7;Lima;100;($613.07)
18/07/2017;Producto 8;Lima;100;($742.47)
18/07/2017;Producto 9;Lima;600;($572.18)
18/07/2017;Producto 10;Lima;600;$1176.32
18/07/2017;Producto 11;Lince;200;($686.22)
18/07/2017;Producto 12;Lince;300;$40.94
18/07/2017;Producto 13;Lince;100;$45.44
18/07/2017;Producto 14;Lince;100;($388.8)
18/07/2017;Producto 15;Lince;200;($281.35)
18/07/2017;Producto 16;Lima;600;($672.57)
18/07/2017;Producto 17;Lima;500;$225.43
18/07/2017;Producto 18;Lima;500;$366.32
18/07/2017;Producto 20;Bre–a;300;$166.99
18/07/2017;Producto 21;Bre–a;600;$134.91
18/07/2017;Producto 143;Bre–a;600;($614.31)
18/07/2017;Producto 22;Bre–a;600;($690.9)
18/07/2017;Producto 23;Bre–a;600;($423.66)
18/07/2017;Producto 24;Bre–a;400;($639.02)
18/07/2017;Producto 26;Bre–a;400;($738.49)
18/07/2017;Producto 27;Bre–a;200;$110.56
18/07/2017;Producto 28;Bre–a;400;($6.3)
18/07/2017;Producto 29;Bre–a;300;($505.46)
18/07/2017;Producto 30;Bre–a;100;($262.11)
18/07/2017;Producto 31;Bre–a;600;($667.28)
18/07/2017;Producto 32;Bre–a;600;($681.09)
18/07/2017;Producto 34;Comas;200;($688.34)
18/07/2017;Producto 35;Comas;400;($206.77)
18/07/2017;Producto 36;Comas;500;($716.93)
18/07/2017;Producto 37;Comas;600;$101.27
18/07/2017;Producto 38;Comas;100;($253.87)
18/07/2017;Producto 144;Comas;400;($205.02)
18/07/2017;Producto 39;Comas;200;($255.36)
18/07/2017;Producto 40;Comas;200;($720.06)
18/07/2017;Producto 41;Comas;300;($697.96)
18/07/2017;Producto 42;Comas;300;($375.86)
18/07/2017;Producto 44;Ate;400;($205.27)
18/07/2017;Producto 45;Ate;300;($420.36)
18/07/2017;Producto 46;Ate;300;($436.33)
18/07/2017;Producto 145;Ate;300;($340.42)
18/07/2017;Producto 47;Rimac;200;$294.38
18/07/2017;Producto 48;Rimac;500;($167.55)
19/07/2017;Producto 1;Lima;400;($519.79)
19/07/2017;Producto 2;Lima;100;($678)
19/07/2017;Producto 3;Lima;400;$133.92
19/07/2017;Producto 4;Lima;500;($681.45)
19/07/2017;Producto 5;Lima;300;($544.94)
19/07/2017;Producto 6;Lima;500;($466.42)
19/07/2017;Producto 7;Lima;200;($635.77)
19/07/2017;Producto 8;Lima;600;($270.63)
19/07/2017;Producto 9;Lima;100;($427.23)
19/07/2017;Producto 10;Lima;300;$965.46
19/07/2017;Producto 11;Lince;500;($299.36)
19/07/2017;Producto 12;Lince;600;($394.99)
19/07/2017;Producto 13;Lince;300;($130.76)
19/07/2017;Producto 14;Lince;200;$117.2
19/07/2017;Producto 15;Lince;200;($65.9)
19/07/2017;Producto 16;Lima;200;($654.51)
19/07/2017;Producto 17;Lima;600;$382.35
19/07/2017;Producto 18;Lima;200;$308.29
19/07/2017;Producto 20;Bre–a;400;$16.33
19/07/2017;Producto 21;Bre–a;100;($290.24)
19/07/2017;Producto 143;Bre–a;100;($404.45)
19/07/2017;Producto 22;Bre–a;300;($197.88)
19/07/2017;Producto 23;Bre–a;600;($612.11)
19/07/2017;Producto 24;Bre–a;300;($196.19)
19/07/2017;Producto 26;Bre–a;500;($729.82)
19/07/2017;Producto 27;Bre–a;500;$180.9
19/07/2017;Producto 28;Bre–a;200;($422.05)
19/07/2017;Producto 29;Bre–a;100;($142.27)
19/07/2017;Producto 30;Bre–a;600;($793.79)
19/07/2017;Producto 31;Bre–a;200;($170.94)
19/07/2017;Producto 32;Bre–a;300;$20.96
19/07/2017;Producto 34;Comas;500;($279.32)
19/07/2017;Producto 35;Comas;600;($97.26)
19/07/2017;Producto 36;Comas;300;($403.72)
19/07/2017;Producto 37;Comas;100;($205.5)
19/07/2017;Producto 38;Comas;200;$35.57
19/07/2017;Producto 144;Comas;100;$155.78
19/07/2017;Producto 39;Comas;400;($403.13)
19/07/2017;Producto 40;Comas;500;($409.29)
19/07/2017;Producto 41;Comas;500;($426.35)
19/07/2017;Producto 42;Comas;400;($92.33)
19/07/2017;Producto 44;Ate;100;($666.74)
19/07/2017;Producto 45;Ate;400;($286.94)
19/07/2017;Producto 46;Ate;300;($412.55)
19/07/2017;Producto 145;Ate;600;$90.25
19/07/2017;Producto 47;Rimac;500;$1071.78
19/07/2017;Producto 48;Rimac;500;($548.57)
20/07/2017;Producto 1;Lima;200;($499.42)
20/07/2017;Producto 2;Lima;200;($26.94)
20/07/2017;Producto 3;Lima;100;($63.11)
20/07/2017;Producto 4;Lima;200;$6.64
20/07/2017;Producto 5;Lima;600;($670.62)
20/07/2017;Producto 6;Lima;100;($422.29)
20/07/2017;Producto 7;Lima;100;($382.36)
20/07/2017;Producto 8;Lima;400;$141.76
20/07/2017;Producto 9;Lima;500;($273.7)
20/07/2017;Producto 10;Lima;300;$1144.4
20/07/2017;Producto 11;Lince;400;($532.93)
20/07/2017;Producto 12;Lince;300;($546.07)
20/07/2017;Producto 13;Lince;400;($315.28)
20/07/2017;Producto 14;Lince;300;($647.64)
20/07/2017;Producto 15;Lince;600;($614.53)
20/07/2017;Producto 16;Lima;600;($657.58)
20/07/2017;Producto 17;Lima;400;$820.88
20/07/2017;Producto 18;Lima;200;$371.77
20/07/2017;Producto 20;Bre–a;300;($638.28)
20/07/2017;Producto 21;Bre–a;400;$91.08
20/07/2017;Producto 143;Bre–a;600;($267.48)
20/07/2017;Producto 22;Bre–a;300;($481.96)
20/07/2017;Producto 23;Bre–a;400;$94.9
20/07/2017;Producto 24;Bre–a;500;($664.17)
20/07/2017;Producto 26;Bre–a;100;($285.64)
20/07/2017;Producto 27;Bre–a;400;($335.23)
20/07/2017;Producto 28;Bre–a;400;($264.05)
20/07/2017;Producto 29;Bre–a;300;$197.77
20/07/2017;Producto 30;Bre–a;600;($543.96)
20/07/2017;Producto 31;Bre–a;300;($383.72)
20/07/2017;Producto 32;Bre–a;200;($241.79)
20/07/2017;Producto 34;Comas;600;($548.88)
20/07/2017;Producto 35;Comas;200;($140.7)
20/07/2017;Producto 36;Comas;300;($653.49)
20/07/2017;Producto 37;Comas;600;$66.63
20/07/2017;Producto 38;Comas;400;($762.36)
20/07/2017;Producto 144;Comas;100;($20.07)
20/07/2017;Producto 39;Comas;100;($524.3)
20/07/2017;Producto 40;Comas;400;($107.13)
20/07/2017;Producto 41;Comas;400;$41.3
20/07/2017;Producto 42;Comas;600;($701.42)
20/07/2017;Producto 44;Ate;600;($201.33)
20/07/2017;Producto 45;Ate;500;($422.54)
20/07/2017;Producto 46;Ate;500;($14.09)
20/07/2017;Producto 145;Ate;100;($761.23)
20/07/2017;Producto 47;Rimac;200;$619.65
20/07/2017;Producto 48;Rimac;500;($480.81)
21/07/2017;Producto 1;Lima;300;($390.97)
21/07/2017;Producto 2;Lima;400;($454.16)
21/07/2017;Producto 3;Lima;600;($499.65)
21/07/2017;Producto 4;Lima;200;($228.71)
21/07/2017;Producto 5;Lima;200;$125.31
21/07/2017;Producto 6;Lima;100;($455.32)
21/07/2017;Producto 7;Lima;200;($36.65)
21/07/2017;Producto 8;Lima;300;($604.79)
21/07/2017;Producto 9;Lima;500;($191.86)
21/07/2017;Producto 10;Lima;100;$1067.16
21/07/2017;Producto 11;Lince;400;($460.06)
21/07/2017;Producto 12;Lince;400;$111.12
21/07/2017;Producto 13;Lince;500;($352.13)
21/07/2017;Producto 14;Lince;400;($301.21)
21/07/2017;Producto 15;Lince;500;($592.05)
21/07/2017;Producto 16;Lima;300;($212.39)
21/07/2017;Producto 17;Lima;300;$815.93
21/07/2017;Producto 18;Lima;400;$204.38
21/07/2017;Producto 20;Bre–a;300;$28.35
21/07/2017;Producto 21;Bre–a;200;($371.25)
21/07/2017;Producto 143;Bre–a;500;($8.61)
21/07/2017;Producto 22;Bre–a;300;($575.17)
21/07/2017;Producto 23;Bre–a;600;($521.89)
21/07/2017;Producto 24;Bre–a;500;($760.93)
21/07/2017;Producto 26;Bre–a;600;($310.01)
21/07/2017;Producto 27;Bre–a;600;($177.31)
21/07/2017;Producto 28;Bre–a;200;($617.31)
21/07/2017;Producto 29;Bre–a;100;($670.3)
21/07/2017;Producto 30;Bre–a;100;$13.96
21/07/2017;Producto 31;Bre–a;100;($120.85)
21/07/2017;Producto 32;Bre–a;200;$148.94
21/07/2017;Producto 34;Comas;400;($177.16)
21/07/2017;Producto 35;Comas;500;($314.22)
21/07/2017;Producto 36;Comas;500;($276.13)
21/07/2017;Producto 37;Comas;600;($451.93)
21/07/2017;Producto 38;Comas;400;($520.85)
21/07/2017;Producto 144;Comas;400;$16.39
21/07/2017;Producto 39;Comas;400;($308.56)
21/07/2017;Producto 40;Comas;200;($233.52)
21/07/2017;Producto 41;Comas;400;($753.73)
21/07/2017;Producto 42;Comas;200;$105.09
21/07/2017;Producto 44;Ate;200;$197.6
21/07/2017;Producto 45;Ate;100;($96.88)
21/07/2017;Producto 46;Ate;100;$113.09
21/07/2017;Producto 145;Ate;100;($73.13)
21/07/2017;Producto 47;Rimac;400;$876.92
21/07/2017;Producto 48;Rimac;200;($644.96)
22/07/2017;Producto 1;Lima;400;$93.81
22/07/2017;Producto 2;Lima;200;$171.67
22/07/2017;Producto 3;Lima;300;$130.41
22/07/2017;Producto 4;Lima;500;($284.71)
22/07/2017;Producto 5;Lima;200;$41.22
22/07/2017;Producto 6;Lima;300;($780.13)
22/07/2017;Producto 7;Lima;400;($782.39)
22/07/2017;Producto 8;Lima;400;($72.47)
22/07/2017;Producto 9;Lima;200;($740.25)
22/07/2017;Producto 10;Lima;100;$625.26
22/07/2017;Producto 11;Lince;600;($708.65)
22/07/2017;Producto 12;Lince;200;$173.72
22/07/2017;Producto 13;Lince;200;($620.06)
22/07/2017;Producto 14;Lince;500;$159.61
22/07/2017;Producto 15;Lince;200;($9.68)
22/07/2017;Producto 16;Lima;400;($531.27)
22/07/2017;Producto 17;Lima;100;$1140.72
22/07/2017;Producto 18;Lima;300;$688.41
22/07/2017;Producto 20;Bre–a;500;($257.13)
22/07/2017;Producto 21;Bre–a;100;($51.21)
22/07/2017;Producto 143;Bre–a;100;($580.86)
22/07/2017;Producto 22;Bre–a;400;($7.49)
22/07/2017;Producto 23;Bre–a;400;($637.44)
22/07/2017;Producto 24;Bre–a;500;($482.28)
22/07/2017;Producto 26;Bre–a;500;($38.18)
22/07/2017;Producto 27;Bre–a;300;($429.77)
22/07/2017;Producto 28;Bre–a;400;($555.2)
22/07/2017;Producto 29;Bre–a;200;($666.92)
22/07/2017;Producto 30;Bre–a;400;($703.14)
22/07/2017;Producto 31;Bre–a;500;($509.01)
22/07/2017;Producto 32;Bre–a;600;($470.49)
22/07/2017;Producto 34;Comas;100;($68.69)
22/07/2017;Producto 35;Comas;200;($695.93)
22/07/2017;Producto 36;Comas;300;($26.16)
22/07/2017;Producto 37;Comas;300;($244.05)
22/07/2017;Producto 38;Comas;500;$54.59
22/07/2017;Producto 144;Comas;600;$187.71
22/07/2017;Producto 39;Comas;200;($692.07)
22/07/2017;Producto 40;Comas;400;$91.22
22/07/2017;Producto 41;Comas;500;$159.65
22/07/2017;Producto 42;Comas;400;$33.96
22/07/2017;Producto 44;Ate;100;$37.29
22/07/2017;Producto 45;Ate;600;($675.19)
22/07/2017;Producto 46;Ate;300;($146.18)
22/07/2017;Producto 145;Ate;200;($543.81)
22/07/2017;Producto 47;Rimac;600;$719.66
22/07/2017;Producto 48;Rimac;100;($85.27)
23/07/2017;Producto 1;Lima;400;$127.92
23/07/2017;Producto 2;Lima;500;($74.96)
23/07/2017;Producto 3;Lima;300;($184.66)
23/07/2017;Producto 4;Lima;200;($753.5)
23/07/2017;Producto 5;Lima;600;($68.72)
23/07/2017;Producto 6;Lima;300;($452.3)
23/07/2017;Producto 7;Lima;600;($584.74)
23/07/2017;Producto 8;Lima;300;($516.8)
23/07/2017;Producto 9;Lima;300;($167.89)
23/07/2017;Producto 10;Lima;500;$728.48
23/07/2017;Producto 11;Lince;400;($224.45)
23/07/2017;Producto 12;Lince;500;($449.11)
23/07/2017;Producto 13;Lince;300;($118.03)
23/07/2017;Producto 14;Lince;200;($70.67)
23/07/2017;Producto 15;Lince;400;($690.56)
23/07/2017;Producto 16;Lima;300;($489.18)
23/07/2017;Producto 17;Lima;100;$977.67
23/07/2017;Producto 18;Lima;600;$768.28
23/07/2017;Producto 20;Bre–a;400;($434.15)
23/07/2017;Producto 21;Bre–a;400;($22.82)
23/07/2017;Producto 143;Bre–a;400;($753.81)
23/07/2017;Producto 22;Bre–a;500;($300.7)
23/07/2017;Producto 23;Bre–a;500;$186.64
23/07/2017;Producto 24;Bre–a;200;($147.56)
23/07/2017;Producto 26;Bre–a;500;($20.99)
23/07/2017;Producto 27;Bre–a;200;$3.66
23/07/2017;Producto 28;Bre–a;300;$128.41
23/07/2017;Producto 29;Bre–a;200;$58.57
23/07/2017;Producto 30;Bre–a;400;($765.34)
23/07/2017;Producto 31;Bre–a;200;($467.55)
23/07/2017;Producto 32;Bre–a;600;($462.56)
23/07/2017;Producto 34;Comas;500;($468.93)
23/07/2017;Producto 35;Comas;500;($569.42)
23/07/2017;Producto 36;Comas;500;($66.05)
23/07/2017;Producto 37;Comas;200;($465.62)
23/07/2017;Producto 38;Comas;500;($437.22)
23/07/2017;Producto 144;Comas;600;$17.58
23/07/2017;Producto 39;Comas;100;($61.03)
23/07/2017;Producto 40;Comas;300;($266.55)
23/07/2017;Producto 41;Comas;500;($487.34)
23/07/2017;Producto 42;Comas;200;($348.79)
23/07/2017;Producto 44;Ate;400;($540.27)
23/07/2017;Producto 45;Ate;400;($145.23)
23/07/2017;Producto 46;Ate;200;($184.83)
23/07/2017;Producto 145;Ate;300;$115.28
23/07/2017;Producto 47;Rimac;400;$746.86
23/07/2017;Producto 48;Rimac;300;($692.73)
24/07/2017;Producto 1;Lima;100;($12.81)
24/07/2017;Producto 2;Lima;500;($137.82)
24/07/2017;Producto 3;Lima;500;($268.93)
24/07/2017;Producto 4;Lima;400;$165.57
24/07/2017;Producto 5;Lima;100;($717.17)
24/07/2017;Producto 6;Lima;200;($322.35)
24/07/2017;Producto 7;Lima;400;($38.92)
24/07/2017;Producto 8;Lima;400;$71.35
24/07/2017;Producto 9;Lima;400;($446.78)
24/07/2017;Producto 10;Lima;100;$265.66
24/07/2017;Producto 11;Lince;300;($159.08)
24/07/2017;Producto 12;Lince;300;($780.34)
24/07/2017;Producto 13;Lince;100;($364.92)
24/07/2017;Producto 14;Lince;100;$133.77
24/07/2017;Producto 15;Lince;600;($326.89)
24/07/2017;Producto 16;Lima;600;($764.52)
24/07/2017;Producto 17;Lima;600;$672.38
24/07/2017;Producto 18;Lima;100;$773.39
24/07/2017;Producto 20;Bre–a;400;($59.07)
24/07/2017;Producto 21;Bre–a;100;($786.72)
24/07/2017;Producto 143;Bre–a;500;$153.09
24/07/2017;Producto 22;Bre–a;100;($795.73)
24/07/2017;Producto 23;Bre–a;100;($268.01)
24/07/2017;Producto 24;Bre–a;600;$39.27
24/07/2017;Producto 26;Bre–a;600;($388.05)
24/07/2017;Producto 27;Bre–a;100;($207.59)
24/07/2017;Producto 28;Bre–a;500;$138.11
24/07/2017;Producto 29;Bre–a;500;$171.2
24/07/2017;Producto 30;Bre–a;400;$56.47
24/07/2017;Producto 31;Bre–a;600;$22.55
24/07/2017;Producto 32;Bre–a;600;($796.19)
24/07/2017;Producto 34;Comas;100;($294.84)
24/07/2017;Producto 35;Comas;300;($419.92)
24/07/2017;Producto 36;Comas;400;($708.4)
24/07/2017;Producto 37;Comas;100;($283.76)
24/07/2017;Producto 38;Comas;600;($179)
24/07/2017;Producto 144;Comas;300;($146.85)
24/07/2017;Producto 39;Comas;200;($177.31)
24/07/2017;Producto 40;Comas;500;($430.18)
24/07/2017;Producto 41;Comas;100;($531.67)
24/07/2017;Producto 42;Comas;300;($14.95)
24/07/2017;Producto 44;Ate;200;($15.36)
24/07/2017;Producto 45;Ate;600;($170.67)
24/07/2017;Producto 46;Ate;500;($213.04)
24/07/2017;Producto 145;Ate;600;($200.23)
24/07/2017;Producto 47;Rimac;400;$241.16
24/07/2017;Producto 48;Rimac;200;($232.83)
24/07/2017;Producto 49;Lince;100;$380.34
24/07/2017;Producto 50;Lince;300;$738.39
24/07/2017;Producto 51;Lince;500;$692.56
24/07/2017;Producto 52;Lince;100;$405.86
24/07/2017;Producto 53;Lince;200;$658.76
24/07/2017;Producto 54;Lince;100;$64.65
24/07/2017;Producto 55;Lince;400;$211.33
24/07/2017;Producto 56;Lima;400;$611.18
24/07/2017;Producto 57;Lima;600;$562.81
24/07/2017;Producto 58;Lima;600;($742.72)
24/07/2017;Producto 59;Lima;300;$562.09
24/07/2017;Producto 60;Lima;500;$796.24
24/07/2017;Producto 61;Lima;600;$959.79
24/07/2017;Producto 62;Lima;100;($676.74)
24/07/2017;Producto 63;Lima;100;$683.23
24/07/2017;Producto 64;Lima;600;($265.56)
24/07/2017;Producto 65;Lima;100;$1170.28
24/07/2017;Producto 66;Ate;300;($27.67)
24/07/2017;Producto 67;Bre–a;400;$484.77
24/07/2017;Producto 68;Bre–a;300;$320.59
24/07/2017;Producto 70;Ate;200;$1083.34
24/07/2017;Producto 71;Lima;600;$697.47
24/07/2017;Producto 72;Lima;400;$898.87
24/07/2017;Producto 73;Lima;300;$937.52
24/07/2017;Producto 74;Miraflores;200;$1032.88
24/07/2017;Producto 75;Miraflores;300;$682.81
24/07/2017;Producto 76;Miraflores;400;($695.07)
24/07/2017;Producto 77;Miraflores;200;$804.83
24/07/2017;Producto 78;San Luis;300;$315.16
24/07/2017;Producto 79;Rimac;200;$453.17
24/07/2017;Producto 146;Bre–a;200;$599.32
24/07/2017;Producto 146;Lima;500;$1054.03
24/07/2017;Producto 146;Miraflores;500;$411.13
24/07/2017;Producto 146;San Luis;400;$630.7
24/07/2017;Producto 146;Rimac;300;$327.53
24/07/2017;Producto 80;Lima;100;($260.02)
24/07/2017;Producto 81;Bre–a;100;$408.44
24/07/2017;Producto 81;Ate;200;$360.26
24/07/2017;Producto 81;Lima;400;$276.21
24/07/2017;Producto 81;Miraflores;600;$760.02
24/07/2017;Producto 81;San Luis;600;$400.12
24/07/2017;Producto 81;Rimac;200;($202.91)
24/07/2017;Producto 82;Bre–a;600;$834.37
24/07/2017;Producto 82;Ate;300;$481.03
24/07/2017;Producto 82;Lima;500;$644.36
24/07/2017;Producto 82;Miraflores;600;$1007.92
24/07/2017;Producto 82;San Luis;500;$340.63
24/07/2017;Producto 82;Rimac;100;$976.3
24/07/2017;Producto 83;Lima;100;$87.97
24/07/2017;Producto 83;Miraflores;500;$1090.84
24/07/2017;Producto 83;Rimac;100;$387.37
24/07/2017;Producto 84;Bre–a;600;$1093.42
24/07/2017;Producto 84;Lima;100;$1006.99
24/07/2017;Producto 84;Miraflores;100;$629.71
24/07/2017;Producto 84;San Luis;600;$1053.49
24/07/2017;Producto 84;Rimac;200;$1010.15
24/07/2017;Producto 85;Bre–a;500;$504.14
24/07/2017;Producto 85;Lima;400;$313.89
24/07/2017;Producto 85;Miraflores;300;$721.09
24/07/2017;Producto 85;San Luis;300;$609.59
24/07/2017;Producto 85;Rimac;600;$1015.95
24/07/2017;Producto 86;Bre–a;300;$783.43
24/07/2017;Producto 86;Ate;100;$986.91
24/07/2017;Producto 86;Lima;600;$243.47
24/07/2017;Producto 86;Miraflores;600;$667.22
24/07/2017;Producto 86;San Luis;100;$509.25
24/07/2017;Producto 86;Rimac;100;$607.82
24/07/2017;Producto 87;Bre–a;300;$1122.02
24/07/2017;Producto 87;Lima;500;$821.95
24/07/2017;Producto 147;Bre–a;300;$773.09
24/07/2017;Producto 147;Lima;500;$1097.68
24/07/2017;Producto 147;Miraflores;400;$281.13
24/07/2017;Producto 147;San Luis;100;$295.49
24/07/2017;Producto 147;Rimac;500;$1022.68
24/07/2017;Producto 88;Bre–a;200;$1039.1
24/07/2017;Producto 89;Bre–a;400;$1097.32
24/07/2017;Producto 148;Miraflores;100;$420.11
24/07/2017;Producto 90;Miraflores;500;$283.15
24/07/2017;Producto 149;Miraflores;400;$1025.61
24/07/2017;Producto 150;Miraflores;600;($735.2)
24/07/2017;Producto 91;Miraflores;500;$959.27
24/07/2017;Producto 92;Miraflores;200;($19.67)
24/07/2017;Producto 93;Miraflores;200;$1131.74
24/07/2017;Producto 151;Miraflores;200;$472.68
24/07/2017;Producto 94;Miraflores;600;($558.3)
24/07/2017;Producto 95;Miraflores;100;$802.81
24/07/2017;Producto 152;Miraflores;600;$818.79
24/07/2017;Producto 96;Miraflores;300;$686.67
24/07/2017;Producto 97;Miraflores;400;$1172.93
24/07/2017;Producto 98;Miraflores;400;$1149.45
24/07/2017;Producto 99;Miraflores;300;$412.17
24/07/2017;Producto 100;Miraflores;600;($766.97)
24/07/2017;Producto 101;Miraflores;500;$368.65
24/07/2017;Producto 102;Miraflores;600;$952.7
24/07/2017;Producto 153;Miraflores;500;$903.91
24/07/2017;Producto 154;Miraflores;600;$1109.47
24/07/2017;Producto 104;Miraflores;100;$518.01
24/07/2017;Producto 105;Miraflores;400;$773.99
24/07/2017;Producto 155;Miraflores;200;$327.69
24/07/2017;Producto 106;Miraflores;600;$912.33
24/07/2017;Producto 107;San Luis;100;$945.36
24/07/2017;Producto 108;Comas;600;$263.03
24/07/2017;Producto 109;Lima;300;$356.91
24/07/2017;Producto 110;Rimac;400;$788.92
24/07/2017;Producto 111;Lima;100;$764.15
24/07/2017;Producto 113;Rimac;200;$1185.28
24/07/2017;Producto 114;Comas;400;$602.87
24/07/2017;Producto 114;Miraflores;600;$355.98
24/07/2017;Producto 114;Rimac;600;$1166.57
24/07/2017;Producto 115;Lima;500;$1076.29
24/07/2017;Producto 116;Rimac;500;$649.16
24/07/2017;Producto 117;Rimac;200;$788.31
24/07/2017;Producto 118;Rimac;200;$1187.92
24/07/2017;Producto 119;Comas;400;$763.32
24/07/2017;Producto 119;Rimac;600;$1088.81
24/07/2017;Producto 120;Rimac;100;$577.76
24/07/2017;Producto 121;Rimac;100;$1169.47
24/07/2017;Producto 122;Bre–a;400;$411.39
24/07/2017;Producto 122;Lima;400;$942.48
24/07/2017;Producto 122;Miraflores;400;$979.78
24/07/2017;Producto 122;San Luis;400;$759.74
24/07/2017;Producto 123;Bre–a;100;$637.82
24/07/2017;Producto 123;Lince;100;$919.22
24/07/2017;Producto 123;Rimac;600;$928.1
24/07/2017;Producto 124;Bre–a;100;$761.68
24/07/2017;Producto 124;Lima;100;$931.33
24/07/2017;Producto 125;Bre–a;600;$332.35
24/07/2017;Producto 125;Lima;500;$812.06
24/07/2017;Producto 126;Bre–a;300;$493.22
24/07/2017;Producto 126;Lima;100;$708.31
24/07/2017;Producto 126;Miraflores;100;$816.38
24/07/2017;Producto 128;Bre–a;600;$620.95
24/07/2017;Producto 128;Lima;600;$1116.01
24/07/2017;Producto 128;Miraflores;500;$884.04
24/07/2017;Producto 128;Rimac;100;$1033.88
24/07/2017;Producto 156;Bre–a;500;$808.54
24/07/2017;Producto 129;Bre–a;500;$769.41
24/07/2017;Producto 130;Miraflores;600;$1004.53
24/07/2017;Producto 131;Lima;100;$1068.48
24/07/2017;Producto 131;Miraflores;200;$691.6
24/07/2017;Producto 133;Lima;500;$520.11
24/07/2017;Producto 134;Lima;600;$581.11
24/07/2017;Producto 135;Lima;300;$464.04
24/07/2017;Producto 135;Rimac;200;$468.58
24/07/2017;Producto 136;Lima;600;$264.07
24/07/2017;Producto 157;Lima;200;$870.9
24/07/2017;Producto 137;Lima;400;$609.34
24/07/2017;Producto 138;Lima;200;$677.7
24/07/2017;Producto 139;Lima;500;$1104.82
24/07/2017;Producto 141;Rimac;500;$481.58
27/07/2017;Producto 1;Lima;300;($43.28)
27/07/2017;Producto 2;Lima;600;($322.55)
27/07/2017;Producto 3;Lima;600;$14.29
27/07/2017;Producto 4;Lima;400;($218.96)
27/07/2017;Producto 5;Lima;600;($794.64)
27/07/2017;Producto 6;Lima;600;($750.83)
27/07/2017;Producto 7;Lima;200;($243.6)
27/07/2017;Producto 8;Lima;200;($477.12)
27/07/2017;Producto 9;Lima;500;($538.08)
27/07/2017;Producto 10;Lima;500;$448.37
27/07/2017;Producto 11;Lince;200;($146.7)
27/07/2017;Producto 12;Lince;300;($25.54)
27/07/2017;Producto 13;Lince;500;($702.38)
27/07/2017;Producto 14;Lince;300;($213.94)
27/07/2017;Producto 15;Lince;300;($479.72)
27/07/2017;Producto 16;Lima;100;($602.56)
27/07/2017;Producto 17;Lima;400;$841.26
27/07/2017;Producto 18;Lima;200;$859.26
27/07/2017;Producto 19;Lima;300;$476.67
27/07/2017;Producto 20;Bre–a;200;($696.37)
27/07/2017;Producto 21;Bre–a;300;($782.01)
27/07/2017;Producto 143;Bre–a;400;($111.52)
27/07/2017;Producto 22;Bre–a;600;($80.94)
27/07/2017;Producto 23;Bre–a;100;$40.77
27/07/2017;Producto 24;Bre–a;200;$176.72
27/07/2017;Producto 26;Bre–a;200;($19.74)
27/07/2017;Producto 27;Bre–a;600;$41.8
27/07/2017;Producto 28;Bre–a;300;$54.37
27/07/2017;Producto 29;Bre–a;500;($131.31)
27/07/2017;Producto 30;Bre–a;100;($307.76)
27/07/2017;Producto 31;Bre–a;600;($377.57)
27/07/2017;Producto 32;Bre–a;600;$8.26
27/07/2017;Producto 33;Comas;100;$45.67
27/07/2017;Producto 34;Comas;400;($188.38)
27/07/2017;Producto 158;Comas;400;($176.58)
27/07/2017;Producto 35;Comas;100;($412.13)
27/07/2017;Producto 36;Comas;100;($131.13)
27/07/2017;Producto 37;Comas;100;($641.9)
27/07/2017;Producto 38;Comas;300;($243.56)
27/07/2017;Producto 144;Comas;600;($496.61)
27/07/2017;Producto 39;Comas;200;($659.71)
27/07/2017;Producto 40;Comas;500;$168.64
27/07/2017;Producto 41;Comas;400;($353.79)
27/07/2017;Producto 42;Comas;600;($536.57)
27/07/2017;Producto 44;Ate;100;($690.18)
27/07/2017;Producto 45;Ate;500;($141.43)
27/07/2017;Producto 46;Ate;300;($487.64)
27/07/2017;Producto 145;Ate;300;($397.91)
27/07/2017;Producto 47;Rimac;300;$629.68
27/07/2017;Producto 48;Rimac;200;($733.12)
28/07/2017;Producto 1;Lima;100;($51.11)
28/07/2017;Producto 2;Lima;300;($689.16)
28/07/2017;Producto 3;Lima;300;($233.06)
28/07/2017;Producto 4;Lima;300;($667.78)
28/07/2017;Producto 5;Lima;600;($632.07)
28/07/2017;Producto 6;Lima;200;($219.73)
28/07/2017;Producto 7;Lima;100;($60.43)
28/07/2017;Producto 8;Lima;400;($192.24)
28/07/2017;Producto 9;Lima;600;($389.78)
28/07/2017;Producto 10;Lima;600;$1057.14
28/07/2017;Producto 11;Lince;500;($101.82)
28/07/2017;Producto 12;Lince;300;($275.24)
28/07/2017;Producto 13;Lince;600;$66.32
28/07/2017;Producto 14;Lince;200;$39.83
28/07/2017;Producto 15;Lince;500;($133.27)
28/07/2017;Producto 16;Lima;400;($520.69)
28/07/2017;Producto 17;Lima;400;$571.88
28/07/2017;Producto 18;Lima;100;$939.24
28/07/2017;Producto 19;Lima;100;$430.14
28/07/2017;Producto 20;Bre–a;400;$77.57
28/07/2017;Producto 21;Bre–a;300;($570.66)
28/07/2017;Producto 143;Bre–a;200;($681.62)
28/07/2017;Producto 22;Bre–a;300;($79.46)
28/07/2017;Producto 23;Bre–a;200;($195.8)
28/07/2017;Producto 24;Bre–a;300;($10.93)
28/07/2017;Producto 26;Bre–a;600;($571.84)
28/07/2017;Producto 27;Bre–a;200;($209.89)
28/07/2017;Producto 28;Bre–a;600;($701.6)
28/07/2017;Producto 29;Bre–a;400;($728.14)
28/07/2017;Producto 30;Bre–a;300;$140.87
28/07/2017;Producto 31;Bre–a;300;($141.92)
28/07/2017;Producto 32;Bre–a;300;($108.61)
28/07/2017;Producto 33;Comas;200;($626.18)
28/07/2017;Producto 34;Comas;400;($276.94)
28/07/2017;Producto 158;Comas;100;($715.55)
28/07/2017;Producto 35;Comas;500;($3.35)
28/07/2017;Producto 36;Comas;500;($445.35)
28/07/2017;Producto 37;Comas;100;($608.15)
28/07/2017;Producto 38;Comas;400;$7.4
28/07/2017;Producto 144;Comas;200;$167.06
28/07/2017;Producto 39;Comas;300;($709.31)
28/07/2017;Producto 40;Comas;400;($529.67)
28/07/2017;Producto 41;Comas;500;($383.58)
28/07/2017;Producto 42;Comas;600;$28.33
28/07/2017;Producto 44;Ate;600;($392.38)
28/07/2017;Producto 45;Ate;400;($334.05)
28/07/2017;Producto 46;Ate;100;($544)
28/07/2017;Producto 145;Ate;400;($634.38)
28/07/2017;Producto 47;Rimac;100;$605.98
28/07/2017;Producto 48;Rimac;400;($417.34)
29/07/2017;Producto 1;Lima;400;($65.85)
29/07/2017;Producto 2;Lima;100;($198.56)
29/07/2017;Producto 3;Lima;600;$169.2
29/07/2017;Producto 4;Lima;400;($39.33)
29/07/2017;Producto 5;Lima;100;($758.85)
29/07/2017;Producto 6;Lima;500;($765.68)
29/07/2017;Producto 7;Lima;500;($246.78)
29/07/2017;Producto 8;Lima;300;($424.84)
29/07/2017;Producto 9;Lima;600;$110.99
29/07/2017;Producto 10;Lima;200;$727.34
29/07/2017;Producto 11;Lince;400;($548.22)
29/07/2017;Producto 12;Lince;600;($540.19)
29/07/2017;Producto 13;Lince;300;$67.73
29/07/2017;Producto 14;Lince;200;($260.05)
29/07/2017;Producto 15;Lince;300;($626.72)
29/07/2017;Producto 16;Lima;300;$53.73
29/07/2017;Producto 17;Lima;200;$913.14
29/07/2017;Producto 18;Lima;400;$410.08
29/07/2017;Producto 19;Lima;300;$512.91
29/07/2017;Producto 20;Bre–a;400;($151.82)
29/07/2017;Producto 21;Bre–a;200;($440.23)
29/07/2017;Producto 143;Bre–a;500;($130.56)
29/07/2017;Producto 22;Bre–a;400;($610.77)
29/07/2017;Producto 23;Bre–a;200;($268.61)
29/07/2017;Producto 24;Bre–a;600;($319.8)
29/07/2017;Producto 26;Bre–a;600;($367.36)
29/07/2017;Producto 27;Bre–a;600;($28.33)
29/07/2017;Producto 28;Bre–a;300;($615.15)
29/07/2017;Producto 29;Bre–a;400;$71.75
29/07/2017;Producto 30;Bre–a;400;$61.65
29/07/2017;Producto 31;Bre–a;500;($764.68)
29/07/2017;Producto 32;Bre–a;100;$101.25
29/07/2017;Producto 33;Comas;500;($581.95)
29/07/2017;Producto 34;Comas;500;($566)
29/07/2017;Producto 158;Comas;300;($82.44)
29/07/2017;Producto 35;Comas;200;($243.05)
29/07/2017;Producto 36;Comas;200;($463.58)
29/07/2017;Producto 37;Comas;500;($521.43)
29/07/2017;Producto 38;Comas;300;($723.23)
29/07/2017;Producto 144;Comas;100;($565.99)
29/07/2017;Producto 39;Comas;500;($66.38)
29/07/2017;Producto 40;Comas;200;($31.4)
29/07/2017;Producto 41;Comas;600;($523.58)
29/07/2017;Producto 42;Comas;100;($798.37)
29/07/2017;Producto 44;Ate;500;($485.49)
29/07/2017;Producto 45;Ate;500;($457.27)
29/07/2017;Producto 46;Ate;400;($15.15)
29/07/2017;Producto 145;Ate;600;($139.78)
29/07/2017;Producto 47;Rimac;600;$1191.38
29/07/2017;Producto 48;Rimac;100;($665.06)
30/07/2017;Producto 1;Lima;600;($615.88)
30/07/2017;Producto 2;Lima;100;($249.95)
30/07/2017;Producto 3;Lima;200;($322.81)
30/07/2017;Producto 4;Lima;200;$22.05
30/07/2017;Producto 5;Lima;100;($239.5)
30/07/2017;Producto 6;Lima;300;($100.29)
30/07/2017;Producto 7;Lima;600;($753.41)
30/07/2017;Producto 8;Lima;100;($146.67)
30/07/2017;Producto 9;Lima;400;($182.89)
30/07/2017;Producto 10;Lima;400;$695.03
30/07/2017;Producto 11;Lince;400;($85.7)
30/07/2017;Producto 12;Lince;400;($704.8)
30/07/2017;Producto 13;Lince;400;($675.13)
30/07/2017;Producto 14;Lince;500;($93.92)
30/07/2017;Producto 15;Lince;200;($271.87)
30/07/2017;Producto 16;Lima;400;($43.95)
30/07/2017;Producto 17;Lima;300;$590.46
30/07/2017;Producto 18;Lima;500;$593.15
30/07/2017;Producto 19;Lima;500;$965.23
30/07/2017;Producto 20;Bre–a;300;($660.4)
30/07/2017;Producto 21;Bre–a;500;($347.49)
30/07/2017;Producto 143;Bre–a;200;($479.62)
30/07/2017;Producto 22;Bre–a;600;($262.25)
30/07/2017;Producto 23;Bre–a;200;($331.92)
30/07/2017;Producto 24;Bre–a;100;($162.79)
30/07/2017;Producto 26;Bre–a;400;($687.26)
30/07/2017;Producto 27;Bre–a;300;$133.49
30/07/2017;Producto 28;Bre–a;600;($173.22)
30/07/2017;Producto 29;Bre–a;200;($226.35)
30/07/2017;Producto 30;Bre–a;300;($404.1)
30/07/2017;Producto 31;Bre–a;400;($768.44)
30/07/2017;Producto 32;Bre–a;600;($332.23)
30/07/2017;Producto 33;Comas;200;($755.98)
30/07/2017;Producto 34;Comas;200;($436.69)
30/07/2017;Producto 158;Comas;200;($669.74)
30/07/2017;Producto 35;Comas;300;$76.54
30/07/2017;Producto 36;Comas;200;($692.28)
30/07/2017;Producto 37;Comas;400;($791.71)
30/07/2017;Producto 38;Comas;400;$121.89
30/07/2017;Producto 144;Comas;400;($545.92)
30/07/2017;Producto 39;Comas;500;($509.18)
30/07/2017;Producto 40;Comas;100;($792.84)
30/07/2017;Producto 41;Comas;600;$159.01
30/07/2017;Producto 42;Comas;200;($722.38)
30/07/2017;Producto 44;Ate;100;($250.73)
30/07/2017;Producto 45;Ate;300;($595.2)
30/07/2017;Producto 46;Ate;400;($382.39)
30/07/2017;Producto 145;Ate;600;($6.59)
30/07/2017;Producto 47;Rimac;100;$605.78
30/07/2017;Producto 48;Rimac;300;$78.15
31/07/2017;Producto 1;Lima;500;($382.89)
31/07/2017;Producto 2;Lima;100;($543.62)
31/07/2017;Producto 3;Lima;300;($557.17)
31/07/2017;Producto 4;Lima;400;($297.09)
31/07/2017;Producto 5;Lima;100;($694.92)
31/07/2017;Producto 6;Lima;300;($656.64)
31/07/2017;Producto 7;Lima;100;($304.58)
31/07/2017;Producto 8;Lima;200;($340.77)
31/07/2017;Producto 9;Lima;100;($714.81)
31/07/2017;Producto 10;Lima;500;$842.1
31/07/2017;Producto 11;Lince;400;($521.57)
31/07/2017;Producto 12;Lince;100;($769.06)
31/07/2017;Producto 13;Lince;500;($172.12)
31/07/2017;Producto 14;Lince;500;$167.93
31/07/2017;Producto 15;Lince;200;($336.72)
31/07/2017;Producto 16;Lima;300;$76.69
31/07/2017;Producto 17;Lima;600;$624.97
31/07/2017;Producto 18;Lima;200;$769.68
31/07/2017;Producto 19;Lima;400;$1044.17
31/07/2017;Producto 20;Bre–a;500;($34.23)
31/07/2017;Producto 21;Bre–a;200;($282.71)
31/07/2017;Producto 143;Bre–a;300;($326.69)
31/07/2017;Producto 22;Bre–a;200;($105.42)
31/07/2017;Producto 23;Bre–a;600;($594.95)
31/07/2017;Producto 24;Bre–a;400;($92.57)
31/07/2017;Producto 26;Bre–a;500;($355.22)
31/07/2017;Producto 27;Bre–a;100;($794.6)
31/07/2017;Producto 28;Bre–a;600;($628.48)
31/07/2017;Producto 29;Bre–a;400;($458.27)
31/07/2017;Producto 30;Bre–a;600;($328.27)
31/07/2017;Producto 31;Bre–a;200;$4.47
31/07/2017;Producto 32;Bre–a;600;$135.82
31/07/2017;Producto 33;Comas;300;($193.5)
31/07/2017;Producto 34;Comas;100;($199.12)
31/07/2017;Producto 158;Comas;300;($174.29)
31/07/2017;Producto 35;Comas;500;($768.7)
31/07/2017;Producto 36;Comas;200;$99.99
31/07/2017;Producto 37;Comas;400;($332.3)
31/07/2017;Producto 38;Comas;500;($20.21)
31/07/2017;Producto 144;Comas;600;($745.04)
31/07/2017;Producto 39;Comas;100;($194.28)
31/07/2017;Producto 40;Comas;600;($694.21)
31/07/2017;Producto 41;Comas;200;($78.37)
31/07/2017;Producto 42;Comas;400;($601.68)
31/07/2017;Producto 44;Ate;400;($87.18)
31/07/2017;Producto 45;Ate;300;($441.38)
31/07/2017;Producto 46;Ate;200;$84.02
31/07/2017;Producto 145;Ate;500;($172.59)
31/07/2017;Producto 47;Rimac;300;$1097.71
31/07/2017;Producto 48;Rimac;100;($288.66)
31/07/2017;Producto 49;Lince;100;$1129.53
31/07/2017;Producto 50;Lince;100;$331.19
31/07/2017;Producto 51;Lince;100;$467.39
31/07/2017;Producto 52;Lince;500;($284.2)
31/07/2017;Producto 53;Lince;500;$478.12
31/07/2017;Producto 54;Lince;300;($472.22)
31/07/2017;Producto 55;Lince;100;$441.8
31/07/2017;Producto 56;Lima;500;$375.01
31/07/2017;Producto 57;Lima;400;$691.67
31/07/2017;Producto 58;Lima;300;$506.83
31/07/2017;Producto 59;Lima;100;$256.27
31/07/2017;Producto 60;Lima;500;$989.64
31/07/2017;Producto 61;Lima;300;$467.35
31/07/2017;Producto 62;Lima;200;($632.67)
31/07/2017;Producto 63;Lima;400;$568.29
31/07/2017;Producto 64;Lima;100;($67.71)
31/07/2017;Producto 65;Lima;600;$815.32
31/07/2017;Producto 66;Ate;600;($421.31)
31/07/2017;Producto 67;Bre–a;100;$636.42
31/07/2017;Producto 68;Bre–a;300;$226.91
31/07/2017;Producto 69;Comas;100;$303.59
31/07/2017;Producto 70;Ate;500;$1076.9
31/07/2017;Producto 71;Lima;400;$533.91
31/07/2017;Producto 72;Lima;400;$803.62
31/07/2017;Producto 73;Lima;100;$696.02
31/07/2017;Producto 74;Miraflores;500;$233.51
31/07/2017;Producto 75;Miraflores;200;$827.69
31/07/2017;Producto 76;Miraflores;300;($289.52)
31/07/2017;Producto 77;Miraflores;600;$315.94
31/07/2017;Producto 78;San Luis;400;$614.42
31/07/2017;Producto 79;Rimac;400;$256.81
31/07/2017;Producto 146;Bre–a;600;$1189.2
31/07/2017;Producto 146;Lima;500;$1162.35
31/07/2017;Producto 146;Miraflores;300;$305.03
31/07/2017;Producto 146;San Luis;500;$795.17
31/07/2017;Producto 146;Rimac;500;$1017.55
31/07/2017;Producto 80;Lima;500;($599.65)
31/07/2017;Producto 81;Bre–a;300;$730.79
31/07/2017;Producto 81;Comas;400;$704.41
31/07/2017;Producto 81;Ate;600;$1133.71
31/07/2017;Producto 81;Lima;600;$393.73
31/07/2017;Producto 81;Miraflores;500;$514.09
31/07/2017;Producto 81;San Luis;400;$557.67
31/07/2017;Producto 81;Rimac;600;($431.27)
31/07/2017;Producto 82;Bre–a;600;$256.65
31/07/2017;Producto 82;Comas;400;$670.4
31/07/2017;Producto 82;Ate;600;$479.03
31/07/2017;Producto 82;Lima;500;$804.45
31/07/2017;Producto 82;Miraflores;400;$615.21
31/07/2017;Producto 82;San Luis;500;$479.45
31/07/2017;Producto 82;Rimac;500;$1139.66
31/07/2017;Producto 83;Bre–a;300;$1142.93
31/07/2017;Producto 83;Lima;300;$613.3
31/07/2017;Producto 83;Miraflores;200;$1016.86
31/07/2017;Producto 83;San Luis;500;$1129.22
31/07/2017;Producto 83;Rimac;100;$822.53
31/07/2017;Producto 84;Bre–a;100;$1002.58
31/07/2017;Producto 84;Lima;400;$535.43
31/07/2017;Producto 84;Miraflores;200;$849.18
31/07/2017;Producto 84;San Luis;300;$1142.78
31/07/2017;Producto 84;Rimac;200;$1010.05
31/07/2017;Producto 85;Bre–a;300;$590.25
31/07/2017;Producto 85;Lima;500;$644.07
31/07/2017;Producto 85;Miraflores;500;$729.14
31/07/2017;Producto 85;San Luis;200;$954.25
31/07/2017;Producto 85;Rimac;600;$1081.02
31/07/2017;Producto 86;Bre–a;300;$681.07
31/07/2017;Producto 86;Comas;600;$932.95
31/07/2017;Producto 86;Ate;600;$238.74
31/07/2017;Producto 86;Lima;200;$1100
31/07/2017;Producto 86;Miraflores;200;$602.04
31/07/2017;Producto 86;San Luis;100;$708
31/07/2017;Producto 86;Rimac;500;$1166.04
31/07/2017;Producto 87;Bre–a;600;$270.32
31/07/2017;Producto 87;Lima;100;$553.08
31/07/2017;Producto 147;Bre–a;300;$769.98
31/07/2017;Producto 147;Lima;500;$375
31/07/2017;Producto 147;Miraflores;500;$1116.69
31/07/2017;Producto 147;San Luis;400;$575.91
31/07/2017;Producto 147;Rimac;100;$458.46
31/07/2017;Producto 88;Bre–a;300;$234.28
31/07/2017;Producto 89;Bre–a;400;$278.31
31/07/2017;Producto 148;Miraflores;100;$395.52
31/07/2017;Producto 90;Miraflores;400;$546.02
31/07/2017;Producto 149;Miraflores;100;$235.17
31/07/2017;Producto 150;Miraflores;500;($205.69)
31/07/2017;Producto 91;Miraflores;200;$310.04
31/07/2017;Producto 92;Miraflores;500;$447.65
31/07/2017;Producto 93;Miraflores;300;$670.22
31/07/2017;Producto 151;Miraflores;300;$617.85
31/07/2017;Producto 94;Miraflores;600;$105.56
31/07/2017;Producto 95;Miraflores;600;$482.72
31/07/2017;Producto 152;Miraflores;400;$992.14
31/07/2017;Producto 96;Miraflores;600;$422.71
31/07/2017;Producto 97;Miraflores;500;$413.27
31/07/2017;Producto 98;Miraflores;300;$485.65
31/07/2017;Producto 99;Miraflores;100;$1077.31
31/07/2017;Producto 100;Miraflores;300;$153.12
31/07/2017;Producto 101;Miraflores;300;$224.52
31/07/2017;Producto 102;Miraflores;600;$696.42
31/07/2017;Producto 153;Miraflores;100;$651.41
31/07/2017;Producto 154;Miraflores;200;$648.14
31/07/2017;Producto 104;Miraflores;200;$1087.07
31/07/2017;Producto 105;Miraflores;600;$519.47
31/07/2017;Producto 155;Miraflores;600;$786.44
31/07/2017;Producto 106;Miraflores;600;$347.57
31/07/2017;Producto 107;San Luis;100;$508.31
31/07/2017;Producto 108;Comas;500;$530.01
31/07/2017;Producto 109;Lima;500;$222.05
31/07/2017;Producto 110;Rimac;100;$1146.46
31/07/2017;Producto 111;Lima;100;$425.68
31/07/2017;Producto 113;Miraflores;600;$413.24
31/07/2017;Producto 113;Rimac;300;($400.04)
31/07/2017;Producto 114;Comas;100;$939.61
31/07/2017;Producto 114;Miraflores;500;$678.86
31/07/2017;Producto 114;Rimac;500;$262.84
31/07/2017;Producto 115;Lima;500;$703.27
31/07/2017;Producto 116;Rimac;100;$1003.07
31/07/2017;Producto 117;Rimac;100;$426.17
31/07/2017;Producto 118;Rimac;100;$1073.49
31/07/2017;Producto 119;Comas;100;$742.55
31/07/2017;Producto 119;Rimac;500;$1179.74
31/07/2017;Producto 120;Rimac;300;$426.29
31/07/2017;Producto 121;Rimac;200;$603.39
31/07/2017;Producto 122;Bre–a;300;$533.9
31/07/2017;Producto 122;Comas;400;$520.72
31/07/2017;Producto 122;Lima;500;$1151.75
31/07/2017;Producto 122;Miraflores;500;$1188.07
31/07/2017;Producto 122;San Luis;200;$247.83
31/07/2017;Producto 123;Bre–a;400;$567.37
31/07/2017;Producto 123;Lince;600;$602.62
31/07/2017;Producto 123;Rimac;200;$448.58
31/07/2017;Producto 124;Bre–a;500;($713.61)
31/07/2017;Producto 124;Lima;100;$552.62
31/07/2017;Producto 125;Bre–a;600;$572.67
31/07/2017;Producto 125;Lima;500;$560.87
31/07/2017;Producto 126;Bre–a;200;$366.36
31/07/2017;Producto 126;Lima;600;$955.05
31/07/2017;Producto 126;Miraflores;200;$309.49
31/07/2017;Producto 128;Bre–a;600;$1190.81
31/07/2017;Producto 128;Lince;600;$735.61
31/07/2017;Producto 128;Lima;600;$1184.73
31/07/2017;Producto 128;Miraflores;200;$966.93
31/07/2017;Producto 128;Rimac;300;$758.43
31/07/2017;Producto 156;Bre–a;600;$977.78
31/07/2017;Producto 129;Bre–a;500;$897.55
31/07/2017;Producto 130;Ate;200;$753.99
31/07/2017;Producto 130;Miraflores;400;$756.5
31/07/2017;Producto 131;Lima;500;$969.61
31/07/2017;Producto 131;Miraflores;100;$282.88
31/07/2017;Producto 133;Lima;100;$651.99
31/07/2017;Producto 134;Lima;200;$828.71
31/07/2017;Producto 135;Lima;300;$238.36
31/07/2017;Producto 135;Rimac;500;$419.75
31/07/2017;Producto 136;Lima;500;$242.1
31/07/2017;Producto 157;Lima;400;$754.3
31/07/2017;Producto 137;Lima;300;$1021.67
31/07/2017;Producto 138;Lima;200;$1129.68
31/07/2017;Producto 139;Lima;500;$532.7
31/07/2017;Producto 141;Rimac;400;$1102
Importe Total;;;;$197,426.56
